CustomerID,TotalOrders,Quantity,TotalPrice
12347.0,7,1702,1989.26
12348.0,4,2332,1437.24
12349.0,1,162,158.44
12350.0,1,180,268.2
12352.0,5,216,286.56
12354.0,1,332,409.4
12355.0,1,192,244.8
12356.0,2,1535,2558.77
12357.0,1,2066,3656.26
12358.0,2,216,788.1600000000001
12359.0,4,570,655.0
12360.0,2,396,444.47999999999996
12361.0,1,48,90.0
12362.0,10,700,680.4399999999999
12363.0,2,360,409.92
12364.0,4,1047,650.62
12365.0,1,108,129.84
12367.0,1,110,33.6
12370.0,4,1747,1733.09
12371.0,1,126,260.09999999999997
12372.0,3,668,820.4399999999999
12373.0,1,154,241.7
12374.0,1,144,165.24
12375.0,1,70,145.60000000000002
12377.0,2,800,1047.12
12378.0,1,1119,801.22
12379.0,1,132,197.39999999999998
12380.0,4,460,759.1600000000001
12381.0,3,269,166.14000000000001
12383.0,5,1313,1003.38
12386.0,2,344,357.2
12388.0,6,1112,1437.44
12390.0,1,206,117.84
12391.0,1,112,90.96000000000001
12393.0,4,502,849.5
12394.0,2,728,905.84
12395.0,10,1488,1085.52
12397.0,2,532,300.32
12398.0,1,1005,640.74
12399.0,4,1002,741.22
12402.0,1,24,58.800000000000004
12403.0,1,92,381.8
12405.0,1,682,693.86
12406.0,2,1453,2336.13
12407.0,5,1251,944.56
12408.0,4,928,1481.9199999999998
12409.0,2,5458,10262.32
12410.0,1,156,201.48
12412.0,3,582,629.26
12413.0,1,84,76.19999999999999
12414.0,3,280,353.76
12415.0,20,77392,123045.1
12417.0,9,875,680.7
12418.0,1,237,93.3
12420.0,1,216,100.32
12421.0,4,298,216.5
12422.0,2,152,201.35999999999999
12423.0,8,778,638.74
12424.0,2,688,1619.56
12425.0,1,264,309.6
12426.0,1,193,279.58
12427.0,2,348,162.83999999999997
12428.0,8,2563,2738.9
12429.0,4,1210,2411.5
12430.0,1,24,10.08
12431.0,14,1812,2653.66
12432.0,3,1346,2743.56
12433.0,6,9867,9801.69
12434.0,2,128,117.75999999999999
12435.0,2,2039,7625.89
12436.0,1,120,66.0
12437.0,17,2190,2401.34
12438.0,2,564,790.76
12441.0,1,87,46.5
12442.0,1,121,68.58
12444.0,3,372,504.36
12445.0,1,48,60.0
12447.0,1,72,125.99999999999999
12448.0,1,96,57.84
12449.0,4,412,510.08
12450.0,2,112,166.08
12451.0,5,5301,5550.05
12452.0,1,60,48.8
12453.0,1,190,119.4
12454.0,1,984,3013.04
12455.0,4,1732,1614.4
12456.0,3,1038,1103.24
12457.0,6,530,1127.9
12458.0,2,358,457.02
12461.0,1,168,148.44
12462.0,2,264,226.79999999999998
12463.0,4,420,482.15999999999997
12464.0,1,12,30.599999999999998
12465.0,1,228,225.23999999999998
12468.0,2,248,328.84000000000003
12471.0,25,6562,13387.66
12472.0,7,2723,3141.74
12473.0,3,1445,930.2099999999999
12474.0,16,2672,2566.89
12475.0,1,310,149.34
12476.0,9,1268,1565.3999999999999
12477.0,6,2096,6270.66
12479.0,1,188,136.76
12480.0,4,1018,1196.8799999999999
12481.0,10,2729,3047.34
12483.0,7,779,1032.6200000000001
12484.0,4,960,773.9399999999999
12488.0,3,220,285.08
12489.0,1,60,85.67999999999999
12490.0,10,1698,2141.34
12491.0,1,112,72.80000000000001
12492.0,2,49,26.1
12493.0,2,60,78.24
12494.0,5,344,300.24
12497.0,1,1231,953.1
12498.0,1,20,33.0
12500.0,10,2548,3637.92
12501.0,1,1295,754.86
12502.0,5,256,462.0
12504.0,1,48,60.0
12507.0,2,866,950.86
12510.0,2,236,528.12
12512.0,1,25,10.5
12513.0,1,212,165.2
12514.0,1,180,251.28
12515.0,1,96,99.6
12516.0,2,834,1147.98
12517.0,3,60,54.68
12518.0,5,555,382.2
12519.0,1,48,28.800000000000004
12520.0,4,838,808.06
12521.0,1,20,41.6
12522.0,2,158,57.18
12523.0,9,440,307.44
12524.0,8,3403,3207.56
12526.0,1,104,70.24000000000001
12527.0,2,168,197.52
12528.0,5,430,441.92
12530.0,4,546,545.22
12532.0,1,24,9.36
12534.0,1,203,164.3
12535.0,2,60,60.599999999999994
12536.0,1,1290,876.72
12538.0,1,68,35.16
12539.0,4,1074,1737.94
12540.0,17,4710,5685.08
12541.0,3,442,391.0
12545.0,2,396,479.64
12546.0,1,128,51.519999999999996
12547.0,2,132,151.79999999999998
12548.0,1,48,67.19999999999999
12550.0,1,171,75.18
12552.0,1,25,10.5
12553.0,10,926,962.86
12556.0,2,60,34.8
12557.0,5,4384,11990.960000000001
12558.0,1,128,208.2
12559.0,2,236,366.66
12560.0,2,367,367.94
12561.0,1,136,85.8
12562.0,7,613,809.1
12564.0,1,60,113.39999999999999
12565.0,1,60,81.83999999999999
12566.0,1,195,110.69999999999999
12567.0,10,2019,1948.3799999999999
12569.0,15,1064,1220.0
12571.0,2,296,228.64000000000001
12572.0,2,86,65.19999999999999
12573.0,1,36,50.64
12574.0,1,12,15.0
12576.0,5,492,481.76
12577.0,2,96,112.8
12578.0,2,706,969.38
12579.0,1,116,62.0
12580.0,1,152,202.39999999999998
12581.0,1,25,10.5
12582.0,2,232,202.16
12583.0,15,4286,4762.5
12584.0,3,66,178.14000000000001
12585.0,2,1161,1227.1
12586.0,1,24,2.88
12587.0,1,40,83.2
12589.0,2,128,151.35999999999999
12590.0,1,4252,9138.76
12591.0,1,156,159.0
12592.0,2,244,329.8
12593.0,1,48,90.0
12594.0,9,1262,1863.02
12596.0,2,409,229.61999999999998
12597.0,3,1180,611.06
12598.0,7,1448,1517.3799999999999
12599.0,7,828,724.48
12600.0,10,547,1809.0900000000001
12601.0,5,180,288.84
12602.0,1,112,54.400000000000006
12603.0,1,56,613.1999999999999
12604.0,2,132,102.6
12607.0,1,577,402.5
12609.0,2,380,293.0
12610.0,4,428,399.2
12611.0,1,408,274.08
12612.0,1,186,269.34000000000003
12613.0,4,850,1123.02
12614.0,1,12,15.0
12615.0,4,754,764.72
12616.0,1,72,100.79999999999998
12617.0,1,20,25.0
12618.0,1,50,21.0
12619.0,8,3100,2446.7599999999998
12620.0,3,675,462.58
12621.0,20,5216,7826.92
12622.0,1,36,40.199999999999996
12623.0,1,113,131.29999999999998
12624.0,2,212,200.64000000000001
12625.0,2,1531,2186.12
12626.0,8,1664,2166.06
12627.0,6,1213,1054.76
12628.0,3,193,227.54
12630.0,2,128,66.88
12631.0,1,48,26.400000000000002
12633.0,3,677,802.18
12635.0,2,660,567.48
12637.0,5,1110,1403.04
12638.0,1,418,209.46
12639.0,1,144,203.4
12640.0,1,24,59.760000000000005
12641.0,1,24,13.200000000000001
12642.0,3,268,439.56
12643.0,6,1788,3041.64
12644.0,1,124,96.84
12645.0,4,784,1044.04
12646.0,2,756,886.44
12647.0,11,1042,1761.36
12648.0,1,56,79.28
12649.0,2,510,404.35999999999996
12650.0,1,96,109.92000000000002
12651.0,1,60,51.0
12652.0,1,372,412.08
12653.0,2,852,2078.2
12654.0,3,60,97.79999999999998
12656.0,5,1224,2063.66
12657.0,3,793,482.58000000000004
12658.0,1,140,151.8
12659.0,1,96,43.68000000000001
12660.0,1,36,23.400000000000002
12662.0,10,807,867.38
12664.0,9,1164,4323.4800000000005
12665.0,1,36,45.0
12667.0,1,232,90.8
12668.0,4,1104,1818.08
12669.0,2,795,690.78
12670.0,5,912,1599.22
12672.0,1,39,71.85
12673.0,2,110,120.9
12674.0,4,758,800.86
12676.0,6,531,746.38
12678.0,9,10792,15967.18
12679.0,4,344,420.16
12680.0,1,84,27.96
12681.0,22,5133,6374.2
12682.0,29,3072,4627.38
12683.0,13,3497,4547.1
12684.0,6,1684,1494.84
12685.0,6,468,363.28000000000003
12686.0,1,96,62.64
12688.0,1,2309,2456.02
12689.0,1,72,92.63999999999999
12690.0,1,48,99.96000000000001
12691.0,5,280,658.8
12693.0,3,96,114.72
12694.0,2,384,316.2
12695.0,2,108,57.0
12697.0,3,363,410.28999999999996
12700.0,4,1626,1599.1799999999998
12701.0,2,527,350.34
12704.0,6,548,652.24
12705.0,8,2473,2518.16
12707.0,1,132,121.91999999999999
12708.0,7,635,734.76
12709.0,15,3375,7546.91
12710.0,3,524,400.76
12712.0,11,550,1443.18
12713.0,1,220,176.88
12714.0,5,1550,1488.54
12715.0,1,24,6.959999999999999
12716.0,2,278,151.28
12717.0,2,396,470.28
12718.0,1,48,13.92
12719.0,2,180,121.80000000000001
12720.0,22,3145,1834.42
12721.0,6,1385,1005.02
12722.0,2,250,221.88
12723.0,2,195,203.43
12724.0,4,74,99.4
12725.0,1,72,75.6
12726.0,7,2918,2021.3999999999999
12727.0,7,1790,2254.7
12728.0,4,256,298.47999999999996
12729.0,1,80,60.16
12731.0,12,7864,15148.16
12732.0,1,32,40.0
12733.0,1,48,45.599999999999994
12734.0,1,88,110.39999999999999
12735.0,2,248,201.72
12736.0,1,168,144.0
12738.0,1,144,110.4
12739.0,1,219,116.7
12740.0,1,168,126.80000000000001
12743.0,2,124,61.98
12744.0,4,4731,6612.55
12747.0,10,912,2817.24
12748.0,101,15624,12531.33
12749.0,4,497,546.18
12750.0,1,75,31.5
12752.0,1,2236,4241.68
12753.0,5,11385,21271.11
12754.0,1,6432,2949.12
12755.0,1,1488,3794.3999999999996
12756.0,1,144,112.07999999999998
12757.0,7,980,1556.99
12758.0,2,1998,2440.76
12759.0,3,503,520.8199999999999
12762.0,2,648,669.12
12763.0,2,280,369.48
12764.0,1,243,780.63
12766.0,7,2451,2901.98
12769.0,1,268,728.52
12770.0,1,743,1351.45
12772.0,1,188,123.2
12775.0,5,712,859.12
12778.0,6,724,524.84
12779.0,7,1498,2015.1
12781.0,2,650,711.74
12782.0,5,674,903.6
12783.0,4,120,65.75999999999999
12784.0,1,73,75.3
12785.0,1,32,61.8
12787.0,3,206,291.96
12790.0,1,96,40.32
12791.0,1,96,177.60000000000002
12792.0,1,145,162.54
12793.0,2,190,277.98
12794.0,2,329,306.16
12797.0,1,96,104.88
12798.0,3,5256,6977.04
12802.0,1,252,209.28
12808.0,1,24,30.0
12809.0,1,144,132.96
12811.0,1,48,33.6
12812.0,1,72,39.6
12814.0,1,48,85.92
12815.0,2,238,259.26
12816.0,1,12,10.2
12817.0,1,52,126.03999999999999
12818.0,1,900,1027.0800000000002
12820.0,4,336,221.0
12821.0,1,60,55.8
12822.0,2,240,226.72
12823.0,5,230,1759.5
12824.0,1,16,13.28
12826.0,6,525,402.02
12828.0,4,152,189.28
12829.0,2,360,72.0
12830.0,6,9848,6814.64
12831.0,1,104,121.8
12833.0,1,92,109.16
12834.0,1,76,124.48000000000002
12836.0,3,471,356.67
12838.0,1,48,52.56
12839.0,13,1769,1960.1399999999999
12840.0,4,1144,1877.52
12841.0,23,1362,1243.67
12842.0,2,425,705.62
12843.0,7,432,611.92
12845.0,2,179,282.29999999999995
12847.0,1,567,494.66999999999996
12849.0,2,550,771.14
12852.0,1,96,117.6
12853.0,4,412,473.0
12854.0,3,146,279.26
12855.0,1,24,20.4
12856.0,4,162,156.18
12857.0,1,132,222.6
12863.0,1,164,446.8
12864.0,1,204,136.92
12865.0,2,216,119.28
12866.0,1,39,41.099999999999994
12867.0,7,2257,1278.09
12868.0,6,560,471.52
12871.0,2,144,295.2
12872.0,2,100,161.68
12873.0,1,120,306.0
12875.0,2,2019,343.2300000000001
12876.0,2,1616,1299.8
12877.0,11,504,552.8000000000001
12878.0,2,420,546.24
12879.0,3,354,547.02
12882.0,2,186,1034.04
12883.0,2,42,24.3
12885.0,3,209,163.70000000000002
12886.0,2,420,324.36
12888.0,2,60,187.92000000000002
12890.0,1,85,47.34
12891.0,3,950,331.0
12893.0,1,18,37.44
12895.0,1,48,26.400000000000002
12897.0,2,104,186.8
12901.0,28,22994,17498.59
12902.0,1,48,40.08
12904.0,2,75,67.37
12906.0,5,1532,2325.32
12908.0,2,1200,750.0
12909.0,5,956,744.4399999999999
12910.0,8,1510,2654.2200000000003
12912.0,5,622,1439.1
12913.0,5,1296,2120.16
12915.0,2,40,57.199999999999996
12916.0,4,667,1134.3
12917.0,1,120,594.0
12919.0,6,414,706.58
12920.0,1,86,35.04
12921.0,32,6167,8316.28
12922.0,1,312,269.28
12924.0,4,432,802.8000000000001
12925.0,2,168,113.03999999999999
12928.0,5,1018,1091.8
12929.0,1,24,20.4
12930.0,2,164,146.35999999999999
12931.0,15,27998,42049.6
12933.0,2,286,109.41999999999999
12935.0,6,1311,944.46
12936.0,4,316,504.76
12937.0,3,369,340.65999999999997
12938.0,1,72,20.879999999999995
12939.0,8,4876,11581.8
12940.0,1,72,18.48
12942.0,3,39,46.349999999999994
12944.0,2,144,184.79999999999998
12945.0,1,52,73.0
12947.0,6,870,676.4399999999999
12948.0,5,405,352.1
12949.0,6,1432,1610.92
12950.0,3,1368,1834.0
12951.0,5,213,220.73999999999998
12952.0,1,144,83.04
12955.0,11,3114,3532.2599999999998
12957.0,7,1416,1215.3
12963.0,4,359,415.2
12965.0,1,24,30.0
12967.0,2,406,1178.1
12968.0,1,48,96.0
12970.0,2,61,25.619999999999997
12971.0,83,8533,9023.99
12976.0,1,515,623.7
12980.0,9,880,7165.200000000001
12981.0,2,40,26.48
12982.0,1,232,249.07999999999998
12985.0,2,1037,368.1
12987.0,2,112,150.8
12989.0,14,2848,6708.52
12990.0,3,130,266.5
12991.0,1,245,140.0
12993.0,3,60,47.16
12994.0,3,199,138.78
12995.0,1,108,211.32
12997.0,4,396,416.71999999999997
12999.0,2,266,194.28
13000.0,3,300,268.8
13001.0,13,4225,6531.490000000001
13002.0,1,66,95.69999999999999
13003.0,3,84,105.0
13004.0,16,2863,1966.72
13005.0,2,100,125.0
13006.0,1,48,11.52
13008.0,1,132,138.11999999999998
13012.0,5,516,770.28
13013.0,10,1317,1812.88
13014.0,6,381,1066.98
13015.0,5,884,893.52
13016.0,2,240,166.56
13017.0,1,48,204.0
13018.0,21,3377,2861.1
13021.0,8,743,801.58
13023.0,1,60,24.12
13026.0,5,1548,907.1999999999999
13027.0,6,17280,6912.0
13028.0,2,516,290.84
13029.0,2,48,831.5999999999999
13030.0,2,96,53.519999999999996
13032.0,1,20,17.0
13034.0,2,108,108.24
13035.0,2,568,747.28
13037.0,3,256,293.20000000000005
13038.0,3,294,648.06
13040.0,2,74,30.36
13043.0,1,228,295.32
13044.0,1,376,244.32
13045.0,1,89,106.9
13046.0,2,84,67.56
13047.0,6,665,605.78
13048.0,4,314,291.40999999999997
13049.0,2,234,517.98
13050.0,16,2276,1840.96
13052.0,1,179,199.65
13055.0,2,427,260.78
13058.0,1,25,123.75
13060.0,1,96,179.28
13061.0,1,24,20.4
13062.0,1,324,202.07999999999998
13064.0,3,208,201.2
13065.0,1,36,45.839999999999996
13066.0,1,99,61.5
13068.0,2,200,344.0
13069.0,20,4388,2023.3
13070.0,1,40,83.2
13072.0,1,48,85.2
13075.0,1,398,728.0
13077.0,3,636,308.4
13078.0,25,4152,7263.320000000001
13079.0,2,40,125.2
13080.0,1,120,58.08
13081.0,10,16398,19774.17
13082.0,7,4139,2995.78
13083.0,2,48,18.72
13085.0,2,168,208.8
13089.0,86,24823,39161.71
13090.0,13,1500,6479.36
13091.0,1,376,210.51999999999998
13092.0,2,196,53.08
13093.0,8,3626,5785.72
13094.0,12,1716,1927.3200000000002
13095.0,1,120,42.0
13097.0,10,1091,1263.46
13098.0,28,14413,22709.63
13099.0,1,288,207.35999999999999
13101.0,1,90,41.34
13102.0,23,3318,3956.56
13103.0,1,16,27.04
13104.0,6,396,895.8
13106.0,1,18,76.5
13107.0,4,1177,1123.7
13108.0,1,288,337.56
13109.0,2,318,235.64
13110.0,3,60,177.00000000000003
13113.0,23,2239,9940.630000000001
13115.0,3,1019,959.32
13116.0,1,149,82.5
13117.0,8,748,448.56
13118.0,3,142,347.42
13120.0,1,12,30.599999999999998
13121.0,1,120,86.28
13122.0,2,468,509.64
13124.0,3,1322,1370.57
13126.0,8,1688,1173.68
13127.0,1,20,25.0
13130.0,1,20,25.0
13131.0,3,141,257.4
13132.0,1,12,45.0
13133.0,1,12,15.0
13134.0,3,554,440.56
13135.0,1,4300,3096.0
13136.0,5,467,390.64
13137.0,3,188,177.9
13138.0,2,124,127.47999999999999
13139.0,7,1584,2330.86
13140.0,1,24,34.8
13141.0,5,857,758.26
13142.0,1,171,71.82
13145.0,3,120,263.52000000000004
13146.0,1,73,30.66
13147.0,4,144,712.8000000000001
13148.0,9,812,637.84
13149.0,4,994,803.6999999999999
13151.0,1,156,282.12
13153.0,1,378,381.82
13155.0,3,207,205.73999999999998
13157.0,4,977,785.6999999999999
13158.0,4,260,230.51999999999998
13159.0,4,382,233.3
13160.0,1,42,60.89999999999999
13162.0,3,1582,1361.94
13165.0,2,1296,951.3199999999999
13166.0,1,36,30.599999999999998
13167.0,4,560,244.85999999999999
13168.0,3,287,263.5
13169.0,2,246,638.5799999999999
13170.0,1,36,6.84
13171.0,2,72,34.31999999999999
13173.0,2,192,104.07
13174.0,3,508,401.96
13176.0,1,276,117.48
13178.0,11,2125,2615.98
13182.0,1,141,66.1
13183.0,9,1922,3375.3100000000004
13184.0,8,1070,740.8199999999999
13185.0,1,12,71.4
13186.0,3,285,196.9
13187.0,1,48,55.2
13188.0,1,24,99.60000000000001
13189.0,2,770,211.96
13192.0,2,255,163.5
13196.0,4,620,547.28
13198.0,6,1702,1252.0
13199.0,37,6061,9287.06
13200.0,4,269,254.28
13203.0,4,498,364.56
13207.0,2,130,250.26000000000002
13208.0,6,257,261.28
13209.0,8,2717,2382.22
13210.0,1,136,86.48
13211.0,3,624,863.08
13212.0,1,18,26.099999999999998
13213.0,5,922,543.74
13216.0,1,292,323.24
13217.0,3,262,533.98
13218.0,1,52,12.84
13220.0,4,123,365.1
13221.0,2,102,170.58
13223.0,2,84,148.20000000000002
13224.0,2,881,747.72
13225.0,7,3416,6463.84
13226.0,1,36,21.96
13227.0,1,44,100.19999999999999
13228.0,1,200,358.0
13229.0,1,24,30.0
13230.0,6,416,219.84
13232.0,5,316,132.84
13233.0,2,888,496.16
13235.0,1,144,287.88
13236.0,2,300,300.6
13238.0,2,62,119.0
13239.0,1,300,186.72
13240.0,2,84,72.96
13243.0,1,36,45.0
13245.0,1,64,84.0
13246.0,5,1150,1285.3
13247.0,2,180,160.92000000000002
13248.0,2,229,232.61999999999998
13249.0,2,480,583.6800000000001
13253.0,2,1568,990.6
13255.0,2,120,144.0
13258.0,3,133,217.72
13260.0,1,110,395.7
13261.0,2,200,876.6
13262.0,1,84,54.12
13263.0,17,1127,642.4399999999999
13265.0,5,1618,1612.18
13266.0,12,3780,2579.16
13267.0,17,1062,1338.7
13268.0,10,2134,1086.52
13269.0,14,2174,2010.84
13270.0,1,200,590.0
13271.0,1,40,23.88
13272.0,1,48,34.56
13273.0,1,61,15.69
13276.0,1,24,30.0
13277.0,4,176,258.4
13278.0,1,289,156.78
13279.0,1,24,9.36
13280.0,2,170,83.16
13282.0,3,127,465.0
13283.0,2,44,21.560000000000002
13284.0,1,36,18.240000000000002
13285.0,4,956,712.68
13291.0,1,112,128.8
13292.0,2,196,221.56
13294.0,2,286,249.64
13295.0,1,60,115.2
13296.0,1,50,21.0
13297.0,4,568,827.92
13298.0,1,96,360.0
13300.0,1,120,150.83999999999997
13301.0,3,96,96.0
13304.0,1,168,91.91999999999999
13305.0,9,876,820.68
13308.0,3,596,609.88
13309.0,5,1033,497.56
13310.0,3,296,308.7
13311.0,2,245,330.77000000000004
13313.0,5,338,517.84
13314.0,2,183,92.93
13316.0,4,6845,5751.54
13317.0,6,464,419.44
13318.0,3,168,284.32
13319.0,23,2351,3439.54
13320.0,3,313,189.1
13321.0,2,336,423.6
13322.0,1,50,27.500000000000004
13323.0,2,66,293.1
13324.0,10,5148,6803.2
13325.0,1,210,607.0
13327.0,8,1235,2445.9500000000003
13328.0,1,680,1308.48
13329.0,2,415,649.3199999999999
13330.0,3,420,542.64
13332.0,1,40,30.08
13334.0,3,746,911.71
13336.0,1,264,139.44
13338.0,1,216,257.52
13339.0,1,180,180.11999999999998
13340.0,7,5665,10216.85
13341.0,1,168,214.79999999999998
13343.0,1,48,44.879999999999995
13344.0,3,428,496.56
13345.0,1,36,61.8
13347.0,1,204,291.36
13349.0,1,96,55.2
13350.0,1,120,249.6
13351.0,1,24,30.0
13352.0,1,142,71.68
13354.0,1,180,108.44
13355.0,1,48,40.8
13356.0,1,72,39.6
13357.0,1,96,68.64
13358.0,1,204,97.55999999999999
13362.0,4,588,626.24
13363.0,2,366,184.5
13365.0,2,516,410.46
13366.0,1,144,56.160000000000004
13368.0,2,252,246.0
13369.0,1,128,166.48000000000002
13370.0,1,228,264.72
13372.0,1,48,13.919999999999998
13373.0,3,1099,1397.19
13375.0,1,208,161.76
13376.0,3,216,242.16
13379.0,3,221,91.84
13381.0,6,1372,1436.72
13382.0,1,96,120.0
13384.0,5,1837,2449.96
13385.0,1,194,142.8
13388.0,1,42,73.5
13389.0,3,212,165.51999999999998
13390.0,1,144,259.20000000000005
13394.0,8,1781,1388.79
13395.0,1,288,163.32
13396.0,2,398,747.6200000000001
13397.0,4,241,724.79
13398.0,1,229,205.73999999999998
13402.0,2,246,273.3
13403.0,1,36,45.0
13404.0,1,85,142.10999999999999
13405.0,2,96,166.20000000000002
13408.0,61,15293,24695.98
13410.0,5,420,692.76
13414.0,3,1488,1218.0
13416.0,1,64,283.2
13417.0,1,48,60.0
13418.0,14,2881,3185.48
13419.0,1,171,68.94
13420.0,2,86,70.8
13421.0,2,719,913.04
13422.0,1,384,362.64
13425.0,3,817,840.9000000000001
13426.0,10,1682,2422.77
13427.0,3,455,434.86
13429.0,4,1040,434.0
13430.0,2,376,148.0
13431.0,2,456,535.52
13434.0,1,216,405.6
13435.0,7,1842,2957.92
13436.0,1,25,10.5
13437.0,6,564,850.9200000000001
13439.0,1,48,20.64
13441.0,1,112,148.48000000000002
13447.0,3,162,118.12
13448.0,6,881,1106.94
13449.0,1,68,52.599999999999994
13450.0,6,1790,1675.32
13451.0,5,617,406.78
13453.0,2,96,149.27999999999997
13455.0,2,152,248.64
13456.0,5,491,887.49
13458.0,14,3961,5470.46
13460.0,2,200,84.0
13461.0,3,1128,1362.8
13462.0,1,24,25.2
13464.0,1,147,98.46
13466.0,1,219,165.9
13467.0,2,143,83.56
13468.0,28,1519,1937.04
13471.0,4,520,444.56
13473.0,1,184,150.76
13475.0,4,884,948.28
13476.0,2,276,316.2
13477.0,6,705,603.74
13479.0,2,100,123.39999999999999
13481.0,4,482,436.44
13482.0,1,100,119.24
13483.0,1,96,60.24
13485.0,1,216,300.0
13486.0,3,264,211.67999999999998
13487.0,2,135,138.9
13488.0,13,2805,3634.94
13489.0,4,552,419.52
13491.0,9,735,528.78
13492.0,2,140,204.6
13493.0,2,372,458.28
13494.0,1,96,84.96000000000001
13495.0,5,692,1679.08
13496.0,2,180,262.48
13497.0,2,108,145.8
13499.0,5,1296,880.36
13500.0,2,228,177.48
13501.0,1,432,835.52
13502.0,3,192,177.84
13503.0,1,175,73.5
13504.0,1,49,20.58
13505.0,4,1479,1298.35
13506.0,2,264,255.12
13507.0,4,889,634.62
13509.0,6,1055,871.62
13510.0,4,697,380.58
13512.0,1,112,113.44
13513.0,1,48,60.0
13515.0,4,351,258.66
13516.0,3,736,835.6
13517.0,3,803,604.66
13518.0,1,88,51.04
13520.0,6,1368,2332.08
13523.0,4,1035,1088.65
13524.0,3,168,225.24
13525.0,2,368,514.88
13527.0,7,943,416.33
13531.0,2,72,137.2
13532.0,1,49,40.5
13534.0,18,984,1635.48
13536.0,6,1358,1133.85
13539.0,2,182,105.6
13546.0,1,24,2.88
13548.0,2,182,82.98
13549.0,4,232,274.4
13552.0,11,945,1745.44
13555.0,4,2315,3005.16
13557.0,2,414,344.04
13558.0,1,24,10.08
13561.0,1,56,89.75999999999999
13562.0,3,234,343.98
13563.0,2,86,97.86
13564.0,2,436,441.64
13565.0,1,48,65.28
13566.0,1,40,15.600000000000001
13570.0,1,96,121.2
13571.0,10,387,193.23999999999998
13572.0,1,472,1051.4
13573.0,1,217,64.28999999999999
13575.0,2,52,37.16
13576.0,18,2274,5651.22
13577.0,4,186,253.4
13579.0,2,84,100.19999999999999
13583.0,1,592,391.32
13587.0,1,124,278.6
13588.0,8,1367,870.16
13589.0,2,36,60.599999999999994
13590.0,5,1392,1066.32
13591.0,3,156,152.28
13592.0,1,24,19.919999999999998
13593.0,5,252,345.12
13594.0,1,232,191.0
13596.0,1,64,44.480000000000004
13599.0,20,2307,2881.6800000000003
13600.0,1,286,80.7
13601.0,2,215,129.29
13602.0,1,82,63.14
13603.0,1,67,36.21
13606.0,3,202,141.38
13607.0,1,20,15.8
13610.0,3,48,64.8
13611.0,3,488,553.24
13615.0,1,108,131.64
13617.0,2,124,89.64
13618.0,1,212,113.12
13621.0,1,212,48.96
13623.0,2,124,152.28
13626.0,1,168,131.27999999999997
13627.0,5,956,787.08
13629.0,11,4270,7523.2
13630.0,6,1254,1664.1399999999999
13631.0,8,440,2917.92
13632.0,4,444,493.56
13634.0,5,180,151.6
13635.0,1,180,114.4
13636.0,4,340,223.39999999999998
13637.0,2,36,47.4
13638.0,1,49,19.86
13639.0,1,586,656.0600000000001
13642.0,1,58,64.48
13643.0,1,25,10.5
13644.0,4,1140,564.48
13645.0,1,144,201.6
13647.0,4,491,521.36
13649.0,2,72,148.8
13650.0,6,352,410.88
13652.0,3,264,268.76
13654.0,5,1521,967.62
13655.0,2,353,190.33
13656.0,2,344,149.28
13657.0,2,120,135.23999999999998
13658.0,2,312,406.52
13659.0,2,688,829.8
13662.0,3,323,242.16
13663.0,1,64,58.519999999999996
13666.0,1,24,20.4
13668.0,13,2073,2556.29
13669.0,1,224,170.39999999999998
13670.0,1,106,95.78
13672.0,2,36,60.84
13675.0,2,288,362.92
13678.0,1,924,232.6
13680.0,4,1253,2387.14
13681.0,2,98,152.46
13685.0,3,5028,3098.52
13689.0,1,500,895.0
13690.0,1,24,13.200000000000001
13692.0,2,1172,1322.16
13694.0,50,63176,64442.9
13695.0,14,1204,1525.0
13697.0,1,97,36.9
13699.0,1,24,34.68000000000001
13700.0,9,1680,1244.43
13704.0,9,861,376.82
13705.0,3,312,424.0
13706.0,1,144,177.6
13707.0,2,192,190.56
13708.0,1,179,73.53999999999999
13709.0,12,1697,1837.19
13710.0,1,128,110.88
13711.0,1,104,79.86
13712.0,1,340,195.84
13715.0,4,140,181.44
13716.0,1,72,65.28
13717.0,6,1600,756.1999999999999
13718.0,2,148,151.60000000000002
13719.0,4,292,255.28
13720.0,3,348,319.0
13721.0,1,144,166.56
13722.0,3,1118,1358.72
13723.0,1,16,47.2
13725.0,8,388,423.15999999999997
13726.0,2,826,786.14
13727.0,1,24,10.08
13728.0,6,280,203.6
13730.0,2,324,210.44
13731.0,2,158,181.68
13732.0,1,348,220.08
13735.0,4,525,605.63
13736.0,1,36,14.04
13737.0,1,65,133.34999999999997
13739.0,1,36,91.8
13740.0,1,392,232.79999999999998
13741.0,3,114,154.38
13742.0,7,400,286.0
13743.0,7,1740,1284.6
13744.0,2,1150,1016.84
13745.0,1,486,291.54
13748.0,4,344,644.88
13750.0,5,468,1388.04
13751.0,1,125,175.5
13752.0,6,695,643.84
13753.0,1,450,476.76
13754.0,2,192,190.79999999999998
13755.0,4,443,172.94
13756.0,14,2660,3521.82
13758.0,7,1421,1903.09
13759.0,2,140,296.52000000000004
13760.0,2,48,20.16
13761.0,2,280,223.07999999999998
13762.0,1,264,293.52
13763.0,1,728,1714.96
13764.0,3,248,133.17
13767.0,35,5950,11078.26
13769.0,9,584,1078.24
13771.0,4,1008,1435.56
13772.0,3,65,179.99
13774.0,1,48,26.400000000000002
13777.0,32,12681,25406.0
13778.0,1,24,30.0
13780.0,2,181,96.30000000000001
13782.0,2,56,58.199999999999996
13784.0,11,2480,2355.84
13786.0,1,128,190.79999999999998
13787.0,2,218,87.48
13790.0,1,388,129.72
13791.0,2,1200,1516.0
13792.0,1,12,23.4
13798.0,57,23669,35539.48
13799.0,1,150,240.9
13800.0,1,241,256.02
13801.0,1,40,34.0
13802.0,3,2468,4061.42
13803.0,1,60,90.6
13804.0,6,874,898.0999999999999
13805.0,2,1900,924.6
13807.0,1,24,39.599999999999994
13808.0,4,270,405.5
13812.0,3,108,78.52
13813.0,2,193,111.3
13814.0,2,600,865.2
13815.0,4,1889,2055.42
13816.0,2,86,116.5
13817.0,2,36,25.8
13819.0,3,1042,953.9
13822.0,2,248,160.03
13823.0,2,251,348.36
13824.0,5,536,1077.8400000000001
13826.0,1,48,26.400000000000002
13828.0,1,216,41.04
13831.0,6,548,1267.32
13833.0,1,48,60.0
13835.0,2,156,132.83999999999997
13837.0,2,133,146.34
13838.0,1,24,20.88
13841.0,1,100,85.0
13842.0,9,976,897.8399999999999
13844.0,1,24,15.600000000000001
13845.0,1,128,185.12
13846.0,2,216,266.88
13848.0,3,3700,1255.0
13849.0,2,502,410.33
13850.0,1,190,160.54000000000002
13851.0,3,1313,1767.14
13853.0,1,156,483.64
13854.0,24,2039,6649.73
13856.0,3,448,332.0
13859.0,1,50,21.0
13860.0,1,96,36.0
13862.0,8,990,968.08
13863.0,1,168,158.16
13865.0,2,36,49.8
13866.0,1,16,27.04
13867.0,3,156,98.6
13868.0,2,1788,2864.76
13869.0,4,415,272.08
13870.0,7,853,1335.42
13871.0,9,1075,1350.72
13873.0,2,40,17.36
13874.0,1,124,172.6
13875.0,5,701,762.02
13877.0,1,96,99.84
13878.0,1,261,400.53000000000003
13880.0,13,975,1090.8799999999999
13881.0,20,9734,15173.42
13882.0,4,660,404.28000000000003
13883.0,5,844,888.0799999999999
13884.0,3,78,144.9
13885.0,2,84,119.39999999999999
13886.0,1,16,20.0
13887.0,1,84,75.48
13888.0,2,72,82.8
13889.0,1,72,151.20000000000002
13890.0,4,264,249.6
13892.0,4,856,456.96
13893.0,1,136,493.8
13894.0,3,258,304.02
13895.0,4,716,960.4
13897.0,1,78,107.46000000000001
13898.0,1,108,56.28
13899.0,1,60,79.8
13900.0,2,320,384.32
13901.0,5,1312,1355.28
13904.0,2,254,176.51999999999998
13908.0,4,845,876.77
13911.0,9,2416,1582.36
13914.0,1,154,102.94
13917.0,2,120,51.36
13918.0,2,972,844.44
13919.0,2,399,192.3
13922.0,1,78,63.0
13924.0,5,876,346.74
13925.0,3,128,99.19999999999999
13926.0,1,49,30.9
13927.0,1,89,84.3
13929.0,2,128,774.4
13930.0,1,192,182.4
13931.0,2,330,501.36
13932.0,1,24,61.199999999999996
13933.0,1,72,99.6
13934.0,1,338,696.5
13936.0,1,284,254.27999999999997
13937.0,1,120,144.0
13938.0,1,16,13.28
13939.0,3,629,307.77
13940.0,4,228,172.92
13941.0,5,2312,4761.16
13946.0,3,424,520.3199999999999
13948.0,1,36,70.19999999999999
13949.0,6,1364,790.52
13950.0,3,144,204.32
13951.0,3,352,253.28
13952.0,2,961,1128.07
13953.0,7,2624,3269.92
13955.0,1,88,110.0
13956.0,3,139,121.55
13959.0,2,57,48.95
13960.0,1,48,13.919999999999998
13962.0,2,60,40.68
13963.0,4,360,283.03999999999996
13967.0,1,36,45.0
13969.0,15,1713,2750.4100000000003
13971.0,7,1022,936.3
13972.0,1,145,44.349999999999994
13973.0,1,69,92.1
13975.0,5,442,277.92
13976.0,1,126,200.57999999999998
13978.0,2,288,154.14
13979.0,1,212,108.56
13980.0,1,152,81.84
13982.0,4,663,790.76
13983.0,9,803,763.14
13984.0,4,624,774.48
13985.0,10,965,1514.1
13986.0,1,384,190.4
13988.0,6,2126,1601.2
13989.0,2,1191,915.82
13990.0,1,132,130.8
13991.0,5,680,332.5
13992.0,1,32,40.0
13993.0,9,410,1061.74
13994.0,4,210,272.48
13995.0,2,244,243.16
13999.0,12,981,1079.75
14000.0,1,694,575.66
14001.0,3,816,1497.52
14002.0,2,730,228.22
14004.0,6,1858,2358.26
14005.0,5,2186,2031.3799999999999
14006.0,3,496,652.64
14009.0,2,216,228.95999999999998
14012.0,1,124,163.0
14013.0,3,264,164.39999999999998
14014.0,1,966,406.4
14015.0,1,260,461.64
14016.0,4,1736,2528.98
14019.0,3,568,541.04
14020.0,2,199,144.72
14021.0,3,126,292.5
14022.0,1,473,393.9
14023.0,2,200,169.12
14024.0,1,48,50.4
14029.0,1,148,213.96
14030.0,7,654,491.88
14031.0,17,4945,13296.72
14032.0,11,1579,1884.86
14034.0,2,251,255.4
14035.0,5,544,867.92
14036.0,1,176,217.0
14038.0,3,301,280.74
14039.0,1,48,69.6
14040.0,11,882,1356.43
14041.0,1,54,83.67
14045.0,4,535,1659.75
14046.0,1,452,145.39
14047.0,4,248,780.36
14048.0,1,72,20.16
14049.0,4,2003,1853.03
14050.0,2,301,214.94
14051.0,23,3042,11479.140000000001
14052.0,1,16,13.6
14053.0,2,205,247.75
14055.0,1,168,517.6
14056.0,17,1282,687.08
14057.0,14,3845,4023.7599999999998
14059.0,1,120,144.0
14060.0,19,4788,5138.38
14062.0,12,5472,9895.28
14064.0,5,1518,966.9799999999999
14066.0,1,12,15.0
14067.0,2,230,95.16
14071.0,5,310,188.96
14073.0,1,48,13.919999999999998
14075.0,3,632,606.8
14077.0,3,136,238.64
14078.0,5,165,695.1299999999999
14079.0,1,273,299.1
14081.0,2,255,117.89999999999999
14082.0,1,36,23.400000000000002
14083.0,5,289,77.46
14085.0,16,1655,1114.05
14087.0,1,98,15.21
14088.0,11,10939,38628.39
14089.0,1,110,93.5
14090.0,1,72,76.32000000000001
14092.0,11,940,1118.34
14093.0,1,96,51.96
14096.0,14,3743,8092.94
14098.0,1,72,86.16
14099.0,10,1356,1181.67
14101.0,6,6940,5973.84
14102.0,5,516,657.0
14104.0,1,36,10.08
14105.0,1,613,542.5799999999999
14107.0,7,1326,1145.58
14108.0,2,200,117.14
14109.0,1,32,40.0
14110.0,11,1490,3723.2000000000003
14111.0,3,435,614.55
14112.0,5,524,536.84
14113.0,4,531,1380.06
14114.0,1,48,84.47999999999999
14116.0,4,256,190.64
14117.0,1,72,90.0
14121.0,4,961,712.3
14124.0,1,1618,419.58
14125.0,3,571,347.24
14126.0,3,438,492.78000000000003
14127.0,2,132,148.67999999999998
14128.0,2,329,167.34
14129.0,4,348,454.16
14130.0,1,84,62.76
14132.0,11,2229,1535.86
14133.0,3,264,317.03999999999996
14135.0,13,3509,3410.82
14138.0,2,330,334.38
14139.0,1,370,201.18
14140.0,2,336,140.08
14141.0,3,72,110.4
14142.0,1,270,192.06
14145.0,4,756,3742.2
14146.0,5,1273,1658.7
14147.0,2,96,468.4
14149.0,1,108,102.6
14150.0,2,426,509.5
14152.0,2,468,296.04
14154.0,2,284,248.32
14156.0,51,53964,103297.69
14157.0,2,144,98.76
14158.0,1,557,185.94
14159.0,10,877,327.21
14161.0,3,91,90.24
14162.0,1,88,81.67999999999999
14163.0,4,760,1706.3600000000001
14164.0,2,889,1378.57
14173.0,2,80,200.44
14175.0,3,787,749.62
14176.0,4,120,270.0
14177.0,3,122,271.1
14178.0,5,405,199.66
14179.0,2,37,38.56999999999999
14180.0,3,48,76.8
14188.0,6,960,1622.46
14189.0,15,2825,2206.56
14191.0,13,2132,1550.7
14193.0,2,220,291.44
14194.0,16,2677,2369.2
14195.0,2,752,921.2
14196.0,1,120,274.79999999999995
14198.0,3,162,137.0
14199.0,1,28,185.39999999999998
14201.0,7,408,341.6
14205.0,1,108,103.8
14206.0,1,252,266.76
14208.0,1,74,34.2
14209.0,5,352,546.48
14210.0,5,348,478.2
14211.0,6,534,569.98
14212.0,1,1152,1070.48
14214.0,4,531,400.62
14215.0,6,792,623.52
14216.0,4,292,915.64
14217.0,9,352,499.03999999999996
14218.0,1,72,23.28
14219.0,1,24,20.4
14220.0,2,220,398.8
14221.0,8,1414,1525.56
14222.0,1,508,446.12
14223.0,3,404,280.52
14224.0,4,237,283.07
14226.0,3,1113,1596.02
14227.0,10,1076,1415.92
14229.0,3,412,1033.08
14231.0,3,196,297.44
14232.0,5,1474,1114.5
14233.0,4,534,1026.82
14234.0,4,501,186.57999999999998
14235.0,5,1779,2667.86
14236.0,2,280,417.36
14237.0,1,12,10.2
14238.0,1,86,88.3
14239.0,8,436,556.0
14240.0,2,144,118.8
14241.0,1,136,176.2
14242.0,2,72,97.19999999999999
14243.0,10,688,714.3199999999999
14245.0,2,660,648.12
14246.0,3,452,464.24
14248.0,1,96,274.08
14250.0,3,451,285.66
14251.0,5,1276,1893.0
14256.0,2,204,233.88
14257.0,5,1233,2052.64
14258.0,9,6936,11602.880000000001
14259.0,1,44,72.6
14261.0,1,88,178.96
14262.0,8,690,718.04
14264.0,1,24,55.2
14265.0,1,260,158.4
14267.0,3,348,486.84
14270.0,1,108,87.0
14271.0,1,72,52.92
14272.0,2,452,160.72
14273.0,3,50,75.62
14276.0,3,432,423.15999999999997
14277.0,3,1010,1147.1399999999999
14280.0,1,36,44.63999999999999
14282.0,13,1844,2278.6
14285.0,3,404,1267.08
14286.0,3,3317,2651.52
14287.0,3,232,114.48
14288.0,1,144,256.8
14289.0,3,140,153.84
14290.0,2,420,830.94
14291.0,8,1654,1146.06
14292.0,7,1260,3566.96
14293.0,4,423,377.82
14295.0,1,48,100.80000000000001
14297.0,3,486,504.21999999999997
14298.0,42,55845,44631.44
14299.0,9,1308,2018.48
14301.0,1,582,607.74
14304.0,1,96,150.0
14305.0,2,276,390.91999999999996
14306.0,2,965,1547.78
14307.0,6,1349,1209.32
14309.0,9,1108,936.6
14311.0,1,84,59.64
14312.0,6,672,607.3199999999999
14314.0,1,284,96.6
14315.0,5,406,670.1
14317.0,1,66,45.06
14320.0,2,284,339.24
14321.0,5,2058,861.5699999999999
14323.0,2,196,168.24
14326.0,1,84,115.2
14327.0,1,114,230.7
14329.0,6,1732,1445.84
14331.0,1,72,50.16
14332.0,3,420,710.76
14334.0,8,1274,1104.36
14335.0,1,198,83.16
14336.0,4,1534,1094.54
14338.0,1,265,280.02
14339.0,1,132,231.72
14340.0,1,48,85.2
14341.0,7,527,360.94
14342.0,4,279,497.22
14344.0,5,340,321.0
14345.0,1,24,39.599999999999994
14346.0,2,304,221.6
14348.0,1,142,274.02
14350.0,1,144,150.48
14351.0,1,12,51.0
14352.0,4,452,658.8000000000001
14353.0,1,48,67.19999999999999
14354.0,2,144,66.48
14355.0,1,64,65.6
14356.0,1,72,28.799999999999997
14357.0,1,24,18.96
14360.0,3,212,105.44
14364.0,8,1806,3183.6
14367.0,16,1714,2312.76
14368.0,1,12,19.799999999999997
14371.0,1,18,26.099999999999998
14373.0,1,12,10.2
14375.0,1,32,42.4
14377.0,2,208,491.6
14379.0,2,132,75.36
14381.0,1,20,25.0
14382.0,1,909,213.56
14383.0,3,488,338.84
14385.0,2,56,30.16
14386.0,1,36,58.199999999999996
14387.0,3,240,165.3
14388.0,7,783,667.66
14389.0,2,454,535.36
14390.0,7,913,1450.58
14395.0,6,270,132.38
14397.0,18,1548,1884.36
14400.0,1,350,399.1
14401.0,13,4048,2991.56
14403.0,4,488,1190.96
14404.0,5,402,462.42
14406.0,1,36,30.599999999999998
14407.0,5,1145,1316.8600000000001
14408.0,7,1333,2185.21
14409.0,5,947,1391.98
14410.0,3,180,191.28
14411.0,1,180,823.8000000000001
14412.0,2,602,319.05
14413.0,1,24,18.0
14414.0,7,2176,1054.1
14415.0,10,697,609.57
14416.0,2,260,358.28000000000003
14418.0,3,1032,738.38
14419.0,2,64,63.199999999999996
14420.0,1,120,70.08
14421.0,2,295,552.45
14422.0,6,1702,1229.56
14423.0,1,120,265.2
14424.0,1,48,322.08
14426.0,9,1928,1930.8799999999999
14427.0,2,116,157.76
14428.0,1,84,86.52000000000001
14431.0,1,72,153.96
14432.0,6,458,249.79
14434.0,6,368,1372.8
14436.0,1,72,16.08
14437.0,1,60,63.0
14439.0,1,448,1954.84
14440.0,4,302,953.22
14441.0,4,180,453.84000000000003
14442.0,2,274,179.48
14443.0,4,438,394.91999999999996
14446.0,4,339,115.97999999999999
14447.0,3,184,226.48
14448.0,1,48,237.60000000000002
14449.0,3,115,80.05
14450.0,3,97,69.41999999999999
14451.0,1,48,20.16
14453.0,1,24,24.96
14456.0,7,1074,456.03
14457.0,1,88,113.64
14459.0,1,706,1439.22
14460.0,3,881,434.34
14461.0,3,288,386.4
14462.0,7,204,192.04
14463.0,3,178,514.62
14465.0,3,246,622.5
14466.0,7,673,740.55
14470.0,2,100,88.47999999999999
14472.0,8,451,339.34
14473.0,1,36,38.160000000000004
14474.0,1,32,26.72
14475.0,3,228,328.12
14476.0,1,84,85.8
14477.0,4,720,1309.6
14479.0,2,56,78.39999999999999
14480.0,1,48,79.92
14481.0,2,436,462.15999999999997
14482.0,6,1185,1128.34
14483.0,1,73,89.1
14484.0,1,112,97.6
14487.0,3,67,51.25
14488.0,1,527,533.84
14489.0,1,60,55.08
14491.0,2,84,101.88
14493.0,5,570,706.46
14494.0,1,24,30.0
14496.0,2,120,314.64
14497.0,1,156,147.12
14498.0,5,456,413.38
14500.0,1,96,242.4
14501.0,2,152,214.16
14502.0,3,145,60.45
14503.0,6,988,1204.5
14504.0,2,110,46.2
14505.0,7,596,589.8
14506.0,3,62,78.3
14507.0,4,258,435.85
14508.0,1,38,31.95
14511.0,4,216,323.52
14512.0,1,48,48.959999999999994
14513.0,2,354,436.84000000000003
14514.0,2,330,352.71999999999997
14515.0,5,580,581.3199999999999
14517.0,1,16,31.2
14518.0,1,223,88.27000000000001
14520.0,2,130,227.4
14522.0,3,480,749.28
14523.0,1,184,102.93
14524.0,6,175,257.24
14525.0,9,1991,2394.44
14527.0,4,140,160.70000000000002
14528.0,1,219,216.39
14530.0,6,762,776.05
14532.0,2,124,77.19000000000001
14533.0,6,3817,1462.66
14534.0,15,720,756.4
14535.0,3,655,414.98
14538.0,1,18,53.1
14539.0,1,216,164.64000000000001
14540.0,3,156,178.2
14541.0,8,347,625.29
14543.0,11,438,2039.1000000000001
14544.0,2,1170,1148.42
14546.0,3,232,185.16
14547.0,6,1053,618.77
14548.0,2,256,652.8
14549.0,1,48,16.56
14550.0,2,116,290.08
14551.0,2,82,87.58
14553.0,4,209,115.74
14554.0,4,618,571.32
14555.0,1,48,75.84
14557.0,1,498,743.38
14560.0,13,1029,1143.66
14561.0,3,740,565.16
14562.0,10,545,902.29
14565.0,4,982,1345.38
14566.0,1,800,1432.0
14567.0,1,40,160.56
14569.0,1,64,176.64
14570.0,1,49,89.35000000000001
14572.0,6,670,721.28
14573.0,4,102,37.98
14576.0,1,12,35.400000000000006
14578.0,1,200,65.48
14581.0,1,156,50.28
14582.0,1,50,27.500000000000004
14583.0,4,192,89.52
14584.0,1,24,37.199999999999996
14586.0,1,432,212.16
14587.0,2,48,27.359999999999996
14591.0,4,806,353.56
14592.0,2,57,30.18
14594.0,1,12,15.0
14595.0,5,419,397.83000000000004
14597.0,2,468,759.62
14598.0,1,49,17.46
14600.0,1,36,20.28
14601.0,1,120,126.96000000000001
14603.0,1,400,660.0
14606.0,48,1939,1787.69
14607.0,13,11712,16241.0
14608.0,4,384,1540.8
14609.0,4,7026,601.56
14616.0,3,104,406.08000000000004
14618.0,3,210,352.44
14619.0,1,108,171.24
14620.0,2,132,138.0
14621.0,5,432,422.52
14622.0,1,52,35.480000000000004
14623.0,3,135,131.49
14624.0,2,73,41.7
14625.0,2,172,202.28
14626.0,4,802,1157.6
14628.0,2,188,236.48000000000002
14629.0,1,50,21.0
14631.0,3,490,573.78
14632.0,1,48,18.72
14633.0,1,36,36.599999999999994
14636.0,2,84,134.76
14638.0,1,60,114.84
14639.0,4,720,750.24
14640.0,6,378,453.3
14641.0,1,24,39.599999999999994
14642.0,1,72,76.32000000000001
14643.0,2,772,497.36
14644.0,2,136,414.24
14645.0,2,278,220.74
14646.0,68,196282,271999.86
14647.0,1,20,99.0
14649.0,3,610,412.62
14651.0,2,68,103.88
14653.0,3,274,284.36
14655.0,4,910,1403.76
14657.0,4,98,110.30000000000001
14659.0,6,250,309.94
14660.0,2,120,92.88
14661.0,1,24,30.0
14662.0,4,360,201.66
14664.0,2,48,40.08
14665.0,5,241,405.15
14666.0,1,86,75.3
14667.0,23,3608,4301.04
14669.0,3,301,210.01
14670.0,1,75,45.989999999999995
14672.0,2,266,280.66
14673.0,5,576,804.96
14675.0,1,68,87.39999999999999
14676.0,6,2500,2548.2400000000002
14680.0,16,13089,27650.21
14681.0,2,56,400.0
14682.0,2,80,52.0
14684.0,3,142,143.82
14687.0,1,392,450.96
14688.0,21,2305,3028.66
14689.0,1,36,40.2
14690.0,1,16,27.04
14691.0,4,196,412.84000000000003
14692.0,2,72,85.19999999999999
14696.0,7,1062,786.35
14697.0,2,120,67.19999999999999
14698.0,3,45,29.29
14699.0,1,64,58.88
14700.0,3,882,1123.26
14701.0,5,101,176.49
14702.0,6,251,201.45
14704.0,2,209,64.27
14705.0,1,100,179.0
14708.0,3,520,766.38
14709.0,11,1508,2589.44
14710.0,1,18,22.5
14711.0,5,188,198.4
14712.0,2,216,575.52
14713.0,11,603,497.12
14714.0,1,192,80.64
14715.0,4,291,169.65
14716.0,2,482,137.18
14719.0,5,342,250.56
14720.0,1,40,70.08
14722.0,1,71,54.59
14723.0,4,92,56.72
14725.0,1,446,298.86
14727.0,1,36,52.67999999999999
14729.0,1,78,52.839999999999996
14730.0,5,193,133.5
14731.0,1,92,103.55999999999999
14732.0,8,860,932.5799999999999
14733.0,12,3296,6740.48
14735.0,22,1370,2771.8
14737.0,3,269,879.25
14738.0,6,364,609.48
14739.0,7,3686,3456.98
14740.0,3,488,614.92
14741.0,4,576,655.41
14744.0,5,564,896.28
14745.0,4,654,571.5
14747.0,1,24,30.0
14748.0,5,856,594.06
14752.0,1,240,300.23999999999995
14754.0,2,275,223.57999999999998
14755.0,11,1129,1266.08
14756.0,1,182,97.44
14757.0,1,64,101.12
14758.0,4,193,179.34
14759.0,2,86,66.0
14760.0,1,24,29.999999999999996
14761.0,2,60,91.8
14762.0,1,299,202.02
14764.0,1,178,258.5
14765.0,1,75,31.5
14766.0,6,786,868.78
14768.0,1,18,53.1
14769.0,7,4006,3080.77
14770.0,2,392,400.2
14772.0,1,16,10.4
14775.0,3,936,680.88
14776.0,11,2928,2194.2
14778.0,2,128,220.0
14780.0,2,138,76.38000000000001
14782.0,1,96,150.60000000000002
14784.0,2,144,133.8
14785.0,2,72,67.92
14788.0,2,254,202.95
14789.0,1,92,120.84
14790.0,4,381,210.06
14794.0,5,313,256.3
14796.0,17,2321,2416.51
14798.0,3,108,92.19999999999999
14799.0,1,120,20.88
14800.0,10,2391,1799.9
14801.0,1,24,6.959999999999999
14803.0,3,268,644.28
14804.0,1,34,73.1
14805.0,1,27,39.15
14806.0,1,307,128.94
14808.0,6,1486,1070.86
14810.0,2,38,84.32000000000001
14813.0,1,12,3.4799999999999995
14815.0,2,376,194.48
14817.0,2,360,403.64
14818.0,2,194,211.08
14819.0,1,36,45.0
14820.0,2,96,88.8
14821.0,1,12,25.200000000000003
14824.0,4,370,701.8000000000001
14825.0,9,312,488.96000000000004
14828.0,3,2172,2139.76
14829.0,4,296,235.83999999999997
14830.0,1,25,10.5
14834.0,6,348,534.72
14837.0,4,938,620.84
14840.0,1,24,30.0
14841.0,6,1346,1699.4
14842.0,3,448,575.9599999999999
14844.0,4,1392,1834.76
14847.0,1,54,105.3
14849.0,21,4166,3856.44
14850.0,1,277,295.05
14851.0,2,162,153.84
14852.0,6,1092,1090.08
14853.0,2,44,370.2
14854.0,7,1501,1712.1
14855.0,2,158,174.29999999999998
14856.0,2,260,199.52
14857.0,1,108,153.72
14859.0,3,317,481.42
14860.0,1,176,122.24000000000001
14861.0,1,102,51.540000000000006
14862.0,2,580,390.03999999999996
14865.0,1,96,37.2
14866.0,10,6704,14086.880000000001
14867.0,3,232,309.16
14868.0,6,358,398.96
14869.0,2,243,103.5
14870.0,1,84,183.6
14873.0,1,84,115.07999999999998
14875.0,2,252,478.92
14878.0,6,459,570.04
14880.0,2,192,155.52
14881.0,1,204,91.32
14882.0,2,112,336.8
14883.0,5,524,381.64
14885.0,1,724,765.3199999999999
14886.0,1,84,126.6
14887.0,1,1100,1862.0
14888.0,1,24,34.8
14889.0,1,48,33.6
14890.0,1,24,29.999999999999996
14891.0,2,354,262.97999999999996
14893.0,1,284,106.53
14894.0,1,80,188.0
14895.0,12,2558,3184.96
14896.0,2,158,200.94
14897.0,3,192,229.92
14898.0,5,676,494.44
14901.0,8,276,260.28000000000003
14902.0,1,112,77.91999999999999
14903.0,4,372,410.2
14904.0,2,1727,754.7
14905.0,2,252,486.0
14907.0,7,895,1072.98
14908.0,1,84,114.6
14910.0,1,24,9.36
14911.0,176,55141,61355.74
14912.0,2,904,653.92
14913.0,4,1518,801.02
14915.0,1,60,85.55999999999999
14916.0,4,768,533.64
14918.0,2,524,845.4000000000001
14920.0,2,342,375.78
14921.0,2,634,596.42
14923.0,1,168,134.4
14924.0,1,24,62.400000000000006
14929.0,1,48,43.2
14930.0,2,583,489.65999999999997
14931.0,3,160,276.72
14932.0,1,48,80.88
14934.0,2,626,660.84
14935.0,1,935,1784.71
14936.0,6,2459,2961.0
14937.0,2,112,361.76
14944.0,11,2350,4221.2
14947.0,2,96,130.32
14948.0,5,316,219.96
14950.0,1,48,13.919999999999998
14951.0,1,184,91.03999999999999
14952.0,10,2950,6224.86
14953.0,1,85,26.03
14954.0,1,16,6.72
14958.0,1,25,10.5
14959.0,3,148,191.56
14960.0,1,100,29.0
14961.0,9,2212,2914.0
14962.0,1,36,70.2
14963.0,5,703,538.34
14964.0,1,108,111.96000000000001
14965.0,1,48,40.8
14966.0,1,104,50.239999999999995
14967.0,1,104,374.4
14968.0,1,39,5.9399999999999995
14971.0,2,191,91.63
14973.0,3,168,215.28
14975.0,1,372,266.04
14978.0,4,101,80.86
14981.0,1,48,13.919999999999998
14985.0,2,116,52.0
14987.0,2,128,326.4
14988.0,1,36,89.88
14997.0,3,1110,533.6999999999999
14998.0,2,134,112.94
15000.0,1,36,30.599999999999998
15002.0,3,279,443.65000000000003
15004.0,1,253,154.14
15005.0,15,658,313.68
15007.0,1,24,30.0
15009.0,3,46,56.379999999999995
15010.0,1,24,30.0
15012.0,1,12,7.800000000000001
15014.0,1,67,115.65
15016.0,1,24,10.08
15018.0,2,49,27.7
15019.0,1,24,11.280000000000001
15021.0,3,38,6.16
15022.0,2,205,95.5
15023.0,10,1071,1368.24
15024.0,5,299,314.35999999999996
15025.0,1,24,30.0
15026.0,1,60,4.8
15027.0,4,444,562.2
15028.0,4,311,377.09000000000003
15030.0,2,348,323.88
15031.0,3,132,104.0
15032.0,2,2832,4676.4
15033.0,5,310,200.34
15034.0,7,1120,1412.92
15035.0,1,144,25.439999999999998
15036.0,2,110,44.400000000000006
15039.0,39,4153,7332.0
15043.0,1,300,537.0
15044.0,12,1214,1376.81
15045.0,2,76,395.16
15046.0,15,2948,3774.8399999999997
15047.0,1,156,170.51999999999998
15048.0,2,48,36.96
15049.0,1,61,119.47
15050.0,3,951,1002.26
15051.0,2,521,470.55
15052.0,1,12,3.4799999999999995
15053.0,3,788,398.2
15054.0,1,16,6.72
15057.0,2,624,1150.5
15058.0,9,386,631.1
15059.0,3,114,57.3
15060.0,1,24,2.88
15061.0,45,28813,53930.34
15062.0,4,510,368.46
15063.0,1,52,325.4
15065.0,4,875,1004.8
15066.0,1,72,127.44
15067.0,3,504,537.12
15068.0,2,97,43.86
15069.0,1,308,201.72
15070.0,1,36,106.2
15071.0,2,152,536.4
15073.0,2,192,413.76
15074.0,1,192,172.8
15075.0,1,256,295.92
15076.0,1,476,547.48
15078.0,24,2356,3737.6600000000003
15079.0,3,232,309.96
15081.0,2,60,53.16
15083.0,1,24,34.8
15087.0,1,432,190.44
15088.0,2,68,65.08
15089.0,3,411,189.24
15090.0,1,124,108.12
15091.0,1,97,60.66
15092.0,1,72,113.16
15093.0,6,3328,2811.32
15095.0,3,908,855.56
15096.0,1,48,76.8
15097.0,1,24,9.36
15098.0,2,120,39267.0
15099.0,1,247,178.41
15100.0,3,80,876.0
15101.0,2,228,263.28
15103.0,2,97,83.7
15104.0,2,539,378.74
15105.0,5,498,803.14
15106.0,5,751,484.94
15107.0,4,132,109.8
15108.0,2,216,218.4
15109.0,1,36,41.4
15110.0,2,92,220.8
15111.0,3,256,255.96
15113.0,3,2083,2746.31
15114.0,10,2326,1428.92
15116.0,4,439,752.58
15117.0,4,1432,496.8
15118.0,1,1440,244.8
15119.0,1,36,28.200000000000003
15120.0,1,198,81.72
15121.0,2,84,89.39999999999999
15122.0,3,459,690.56
15123.0,2,754,801.74
15124.0,2,204,112.44
15125.0,15,5981,10130.8
15127.0,1,120,166.32
15128.0,4,941,645.0
15129.0,10,1627,2843.48
15130.0,1,132,140.76
15132.0,3,328,321.24
15133.0,3,608,832.92
15134.0,7,466,419.42
15136.0,4,232,194.52
15139.0,2,184,118.72
15140.0,6,1327,1521.72
15142.0,1,211,211.44
15143.0,1,121,146.1
15144.0,15,2024,3056.28
15145.0,4,508,455.64
15146.0,2,1358,988.16
15147.0,1,336,361.8
15148.0,1,48,9.84
15149.0,1,36,45.0
15150.0,8,1965,1366.08
15152.0,10,1253,912.38
15153.0,1,96,37.44
15156.0,2,172,97.68
15157.0,3,1980,1242.12
15158.0,1,198,401.40000000000003
15159.0,23,8683,10056.6
15160.0,1,84,158.16
15163.0,2,74,98.22
15164.0,1,16,27.04
15165.0,1,78,133.5
15168.0,1,24,6.959999999999999
15171.0,1,290,1289.5
15172.0,5,1146,580.4
15174.0,1,96,40.2
15175.0,1,316,83.32
15179.0,4,1615,1187.62
15180.0,1,12,10.2
15181.0,3,544,689.48
15182.0,2,136,294.48
15184.0,1,88,49.519999999999996
15185.0,1,592,193.04000000000002
15186.0,1,120,125.76
15187.0,15,1532,3767.12
15189.0,39,5726,14173.14
15192.0,3,810,609.3199999999999
15193.0,1,48,13.919999999999998
15194.0,15,4741,4821.99
15195.0,1,1404,3861.0
15197.0,3,312,828.6800000000001
15198.0,1,24,30.0
15199.0,4,353,1003.8499999999999
15201.0,5,988,751.88
15203.0,4,690,331.78
15204.0,1,240,232.07999999999998
15205.0,2,108,64.2
15206.0,2,144,367.2
15208.0,4,158,160.8
15210.0,1,180,104.75999999999999
15211.0,1,36,70.2
15212.0,1,12,19.799999999999997
15213.0,1,170,127.8
15214.0,6,683,488.15
15215.0,1,24,30.0
15216.0,1,20,33.0
15218.0,11,2728,3568.36
15219.0,1,24,121.20000000000002
15220.0,6,857,569.18
15221.0,1,28,162.60000000000002
15222.0,1,440,585.0
15223.0,2,152,459.20000000000005
15224.0,1,120,172.07999999999998
15225.0,1,192,255.0
15226.0,1,48,68.16
15227.0,4,578,465.0
15228.0,4,1708,1710.2
15230.0,2,285,278.70000000000005
15232.0,2,610,498.26
15234.0,1,156,93.0
15235.0,11,843,722.66
15236.0,1,256,277.8
15237.0,4,705,491.7
15238.0,3,454,355.4
15239.0,2,203,115.9
15240.0,5,1077,943.27
15241.0,8,1567,1013.16
15243.0,1,25,10.5
15244.0,2,246,280.24
15245.0,3,1438,1742.74
15246.0,2,96,91.2
15247.0,1,160,356.0
15249.0,12,1881,2490.5
15251.0,11,6074,9377.14
15252.0,2,218,181.6
15253.0,3,572,372.71999999999997
15254.0,1,162,68.03999999999999
15255.0,1,172,140.0
15256.0,1,24,50.400000000000006
15257.0,1,36,40.2
15258.0,1,12,9.959999999999999
15260.0,7,646,883.82
15261.0,1,144,80.8
15262.0,1,36,45.0
15263.0,1,16,6.72
15264.0,1,128,95.68
15265.0,2,432,570.3199999999999
15267.0,5,944,1717.36
15269.0,1,24,118.80000000000001
15270.0,7,1448,1839.24
15271.0,11,447,540.75
15272.0,2,133,117.77999999999999
15274.0,2,288,96.24
15275.0,1,288,106.32
15277.0,1,121,103.61999999999999
15279.0,1,154,133.85999999999999
15280.0,1,102,66.9
15281.0,6,740,600.92
15286.0,1,43,181.15
15287.0,2,320,201.6
15288.0,3,462,1292.56
15289.0,3,678,555.3
15290.0,17,3975,5459.57
15291.0,14,1856,3215.04
15292.0,1,16,13.6
15296.0,4,857,1022.73
15297.0,1,16,27.04
15298.0,11,2214,2480.08
15299.0,6,2947,3907.01
15300.0,1,114,104.1
15301.0,11,1606,2068.02
15303.0,1,168,268.32
15306.0,3,515,376.98
15308.0,1,132,121.32
15311.0,86,32941,47366.41
15312.0,3,311,419.34
15313.0,1,25,52.0
15314.0,1,280,232.12
15315.0,2,688,346.15999999999997
15316.0,1,100,165.0
15318.0,1,474,163.1
15319.0,1,159,103.5
15320.0,1,256,76.32
15321.0,2,672,885.2
15322.0,1,144,104.63999999999999
15325.0,1,74,41.4
15326.0,1,345,183.46
15327.0,1,49,45.3
15329.0,3,200,186.9
15330.0,2,1312,714.96
15332.0,4,618,1559.36
15333.0,1,306,898.86
15334.0,2,24,25.2
15339.0,2,132,59.32
15341.0,1,812,2020.52
15342.0,1,96,59.519999999999996
15344.0,1,24,6.959999999999999
15346.0,1,84,72.72
15347.0,1,108,145.2
15349.0,2,185,145.93
15350.0,1,48,100.80000000000001
15351.0,3,78,141.18
15353.0,2,180,207.6
15356.0,4,193,151.62
15358.0,18,4485,3333.36
15360.0,1,168,260.88
15361.0,1,336,418.92
15363.0,1,96,165.6
15364.0,2,348,616.9200000000001
15365.0,5,404,659.6800000000001
15366.0,2,452,226.64
15367.0,3,630,704.34
15368.0,1,228,430.44000000000005
15370.0,6,371,709.62
15372.0,1,2924,2007.3999999999999
15373.0,1,24,102.0
15374.0,1,108,91.8
15376.0,1,168,180.35999999999999
15379.0,6,1628,1851.1
15380.0,4,214,647.6200000000001
15381.0,1,156,264.59999999999997
15382.0,6,2473,2186.92
15384.0,2,511,408.65999999999997
15385.0,1,73,168.42000000000002
15386.0,1,420,303.24
15388.0,1,52,54.199999999999996
15389.0,1,400,500.0
15392.0,4,904,649.48
15393.0,2,112,154.76000000000002
15394.0,4,356,616.72
15396.0,1,24,30.0
15398.0,2,280,169.12
15399.0,3,192,137.51999999999998
15400.0,5,366,691.0
15402.0,2,586,191.56
15405.0,1,185,290.9
15406.0,2,60,19.32
15407.0,4,197,154.7
15408.0,1,42,36.18
15410.0,8,718,1314.3
15411.0,3,84,62.03999999999999
15412.0,1,84,132.24
15414.0,2,188,109.84
15415.0,1,411,270.45
15416.0,4,1427,1679.42
15417.0,1,24,13.200000000000001
15419.0,1,208,86.16
15421.0,4,202,162.16
15422.0,1,12,10.2
15423.0,1,100,36.0
15424.0,2,528,307.44
15426.0,4,128,180.32
15427.0,3,166,80.08
15428.0,1,72,25.68
15429.0,1,108,52.92
15433.0,2,336,194.4
15434.0,4,436,344.08
15436.0,2,36,15.120000000000001
15440.0,2,48,60.0
15442.0,1,120,594.0
15443.0,7,435,442.23
15444.0,1,66,40.84
15445.0,1,48,50.4
15447.0,1,64,75.19999999999999
15448.0,1,148,178.6
15449.0,3,566,420.52
15450.0,1,220,114.19999999999999
15452.0,1,12,5.04
15453.0,6,184,147.02
15454.0,1,24,30.0
15456.0,2,492,179.04
15458.0,1,120,108.24
15460.0,1,24,6.959999999999999
15462.0,2,120,154.8
15463.0,1,60,36.84
15464.0,1,62,100.30000000000001
15465.0,16,944,5352.12
15467.0,3,108,135.48
15468.0,1,16,13.28
15469.0,1,24,13.200000000000001
15471.0,1,52,106.6
15473.0,7,672,1771.2
15478.0,2,401,768.76
15480.0,1,25,10.5
15482.0,11,4898,10333.64
15483.0,2,180,60.0
15484.0,4,2391,1956.03
15485.0,3,912,1244.93
15488.0,1,72,76.32000000000001
15489.0,3,374,456.2
15491.0,6,1273,1685.3400000000001
15492.0,2,241,214.01999999999998
15494.0,1,657,400.36
15497.0,2,600,1081.0
15498.0,20,3753,5492.7
15500.0,4,180,107.28
15502.0,6,3454,4150.58
15505.0,5,2080,2558.52
15506.0,2,353,310.24
15507.0,1,16,27.04
15508.0,3,204,233.64
15512.0,2,48,73.19999999999999
15513.0,18,4758,10459.24
15514.0,10,1560,2708.9300000000003
15517.0,1,233,163.93
15518.0,6,493,241.62
15520.0,1,120,22.8
15521.0,6,1240,1183.18
15522.0,2,363,201.18
15523.0,1,100,315.0
15525.0,2,68,43.12
15527.0,7,515,679.94
15528.0,1,64,98.56
15529.0,11,1426,912.63
15530.0,3,616,462.28
15531.0,2,331,210.44
15532.0,2,48,31.439999999999998
15533.0,1,48,79.19999999999999
15535.0,2,36,52.2
15539.0,1,96,130.56
15540.0,1,96,58.08
15543.0,1,24,6.959999999999999
15544.0,8,1772,1128.6
15545.0,1,36,13.559999999999999
15547.0,10,2012,1137.1299999999999
15549.0,2,276,463.42
15550.0,3,112,113.6
15551.0,1,74,52.86000000000001
15552.0,1,12,2.2800000000000002
15553.0,1,306,150.68
15554.0,1,36,35.4
15555.0,13,1276,540.09
15556.0,1,60,66.6
15557.0,1,120,148.56
15561.0,2,120,271.92
15562.0,1,39,134.55
15563.0,4,1096,578.42
15567.0,1,192,111.36
15568.0,3,267,246.42000000000002
15569.0,5,636,1322.76
15570.0,10,784,691.16
15571.0,4,125,269.03
15572.0,6,386,354.65
15573.0,2,207,171.59
15574.0,2,100,55.64
15576.0,1,211,414.89000000000004
15578.0,1,24,30.0
15579.0,1,20,25.0
15581.0,1,40,64.0
15582.0,2,256,158.76
15584.0,1,36,45.0
15585.0,1,240,209.39999999999998
15587.0,4,288,852.48
15589.0,3,168,209.28
15592.0,1,188,146.92
15594.0,4,387,314.86
15596.0,4,276,305.88
15597.0,1,96,27.839999999999996
15598.0,1,72,34.31999999999999
15599.0,2,580,490.28
15601.0,14,3928,3244.12
15602.0,9,1020,958.64
15603.0,1,96,48.480000000000004
15605.0,3,144,156.48
15606.0,8,544,1549.68
15607.0,1,192,77.76
15608.0,3,356,283.48
15609.0,1,120,155.28
15610.0,1,20,25.0
15611.0,5,289,483.06
15612.0,2,39,124.05
15615.0,18,3358,5273.58
15618.0,3,128,140.48
15619.0,1,124,244.60000000000002
15620.0,3,540,451.8
15621.0,3,430,1231.18
15622.0,7,916,1223.48
15623.0,1,40,20.48
15624.0,3,236,151.48
15625.0,4,1032,1202.1599999999999
15626.0,2,536,268.16
15628.0,9,1111,1101.5
15630.0,2,513,427.06
15632.0,7,1255,947.0699999999999
15636.0,2,120,242.4
15637.0,1,48,13.919999999999998
15639.0,1,245,102.9
15640.0,15,4138,6189.83
15641.0,4,1046,849.48
15643.0,2,78,94.0
15644.0,2,76,29.84
15645.0,1,52,106.6
15646.0,2,304,132.84
15648.0,2,124,231.4
15649.0,2,192,816.0
15651.0,3,363,333.06
15652.0,1,138,91.74
15653.0,1,1152,829.4399999999999
15654.0,2,411,746.52
15655.0,1,281,343.22
15656.0,3,180,181.07999999999998
15657.0,1,24,30.0
15658.0,3,132,288.6
15659.0,1,60,60.599999999999994
15660.0,6,520,553.0
15661.0,2,236,309.8
15663.0,1,36,14.040000000000001
15664.0,1,48,81.12
15665.0,2,1273,1380.13
15667.0,1,168,117.36
15668.0,1,72,76.32000000000001
15669.0,4,208,266.72
15670.0,1,60,60.599999999999994
15671.0,7,1594,2318.58
15673.0,4,868,1046.93
15674.0,4,612,353.15999999999997
15675.0,2,468,128.44
15676.0,3,1148,828.96
15677.0,1,72,73.19999999999999
15678.0,1,114,207.60000000000002
15679.0,4,675,268.23
15680.0,3,606,539.56
15681.0,4,664,906.1999999999999
15683.0,1,48,40.8
15687.0,8,580,576.3199999999999
15689.0,1,48,75.6
15690.0,2,300,150.6
15691.0,1,72,136.8
15692.0,1,48,13.919999999999998
15694.0,13,1378,5255.5
15695.0,1,136,169.95999999999998
15696.0,5,396,410.52
15699.0,1,42,24.3
15700.0,1,96,119.03999999999999
15701.0,4,152,57.12
15703.0,1,66,211.5
15704.0,3,584,950.6700000000001
15705.0,1,48,60.0
15706.0,1,24,30.0
15707.0,2,135,56.7
15708.0,7,486,808.02
15709.0,1,104,80.6
15712.0,5,240,356.16
15713.0,2,114,151.26
15714.0,2,45,52.1
15716.0,4,404,393.8
15717.0,1,60,112.80000000000001
15719.0,8,308,315.71
15720.0,1,30,11.700000000000001
15721.0,1,148,93.76000000000002
15722.0,5,718,1291.5
15723.0,1,24,15.600000000000001
15724.0,2,24,38.4
15725.0,1,48,36.0
15727.0,7,1719,1575.38
15729.0,1,12,15.0
15730.0,3,321,235.74
15732.0,2,137,118.02
15733.0,1,36,49.8
15734.0,2,208,786.7500000000001
15737.0,5,280,297.64
15738.0,15,2464,3499.84
15739.0,1,456,371.52
15740.0,1,120,44.4
15743.0,1,48,64.8
15744.0,1,120,34.8
15745.0,3,150,183.17999999999998
15746.0,1,48,13.919999999999998
15747.0,3,144,208.79999999999998
15749.0,3,18028,44534.3
15750.0,6,888,531.4
15752.0,6,439,358.63
15753.0,1,144,79.2
15754.0,1,12,17.4
15755.0,5,661,552.38
15757.0,2,254,151.76
15759.0,2,36,60.24
15762.0,1,24,13.200000000000001
15764.0,4,1148,943.4599999999999
15766.0,1,120,203.76
15768.0,3,159,111.78
15769.0,26,29672,56252.72
15773.0,1,241,537.78
15774.0,1,20,25.0
15775.0,1,60,70.2
15776.0,1,36,6.84
15777.0,4,320,829.56
15780.0,3,156,187.56
15781.0,2,48,44.16
15782.0,2,670,1457.52
15783.0,1,144,48.480000000000004
15785.0,5,1279,1401.8600000000001
15786.0,2,1742,1234.8799999999999
15787.0,1,48,20.16
15789.0,1,400,281.6
15790.0,1,54,29.34
15791.0,1,312,400.92
15793.0,3,552,948.96
15795.0,1,486,287.15999999999997
15796.0,3,132,394.20000000000005
15797.0,3,872,2192.4
15799.0,3,625,242.09
15800.0,1,80,92.8
15801.0,1,114,67.5
15803.0,1,284,390.92
15804.0,10,1202,716.3199999999999
15805.0,12,1963,1892.8600000000001
15806.0,3,546,642.48
15808.0,4,709,1569.93
15809.0,3,182,104.16
15810.0,3,327,347.65999999999997
15811.0,6,391,301.32
15812.0,5,852,1532.2
15813.0,2,526,993.9599999999999
15814.0,4,904,1014.36
15815.0,5,1750,1791.66
15819.0,4,772,641.72
15820.0,1,96,127.67999999999999
15822.0,2,234,346.82
15825.0,1,196,158.44
15826.0,3,712,823.08
15827.0,10,460,450.84
15829.0,2,696,288.38
15830.0,1,193,96.94
15831.0,3,916,508.15999999999997
15832.0,1,264,326.64
15834.0,3,252,230.51999999999998
15835.0,2,132,145.95999999999998
15837.0,1,66,59.46
15838.0,19,18368,33643.08
15839.0,3,276,235.88
15840.0,2,310,147.51999999999998
15841.0,4,702,886.66
15844.0,1,24,6.959999999999999
15845.0,8,1414,1947.22
15847.0,2,316,102.52
15850.0,1,168,58.08
15853.0,1,50,21.0
15854.0,10,564,1778.75
15855.0,5,194,199.46
15856.0,26,8973,12901.77
15857.0,1,284,267.0
15858.0,3,588,455.46
15860.0,4,129,65.82
15861.0,7,534,316.9
15862.0,2,264,121.44
15864.0,6,1144,1779.5200000000002
15865.0,2,195,124.86
15866.0,1,50,21.0
15867.0,13,987,536.6999999999999
15869.0,2,133,61.14
15870.0,1,75,31.5
15874.0,5,2299,3198.13
15877.0,2,156,93.06
15880.0,1,72,49.8
15881.0,3,214,349.05
15882.0,3,228,411.84000000000003
15883.0,1,18,14.22
15886.0,1,112,66.64
15888.0,1,38,47.5
15889.0,1,24,10.08
15891.0,1,307,171.94
15894.0,2,113,130.45
15895.0,1,84,157.32
15897.0,2,214,140.62
15898.0,4,321,635.71
15899.0,1,32,33.6
15900.0,1,47,18.33
15901.0,1,162,40.730000000000004
15903.0,7,2372,4945.32
15906.0,1,36,16.68
15907.0,1,24,9.36
15909.0,1,96,186.83999999999997
15910.0,5,254,107.47
15912.0,2,142,163.58
15916.0,4,255,142.74
15917.0,1,24,20.4
15918.0,2,62,112.5
15919.0,2,334,160.92
15920.0,1,12,5.04
15921.0,1,108,120.6
15922.0,1,96,191.40000000000003
15923.0,1,80,30.880000000000003
15925.0,1,60,96.0
15932.0,8,1980,1946.48
15933.0,3,325,159.9
15935.0,1,108,75.24
15937.0,1,16,33.6
15938.0,4,160,240.0
15939.0,14,4664,5949.56
15942.0,1,174,187.44
15944.0,1,28,256.2
15945.0,1,52,181.0
15947.0,1,828,1316.04
15948.0,1,161,75.9
15949.0,2,156,84.72
15950.0,4,256,454.13000000000005
15951.0,2,116,148.6
15952.0,3,157,159.9
15953.0,8,567,920.3499999999999
15955.0,9,1004,1583.76
15957.0,1,68,105.4
15963.0,2,88,111.32
15965.0,4,96,125.78
15967.0,1,48,52.8
15970.0,1,60,219.0
15971.0,11,1665,4083.1
15973.0,1,102,290.82
15974.0,7,1599,1635.44
15975.0,1,48,18.72
15976.0,2,72,51.36
15977.0,2,853,531.42
15978.0,1,662,550.8000000000001
15980.0,3,1524,2223.78
15981.0,7,1546,2337.3
15983.0,4,572,829.8
15984.0,9,1047,1083.44
15985.0,2,1044,1006.72
15986.0,1,184,62.16
15987.0,7,1234,735.1800000000001
15988.0,1,118,26.5
15990.0,2,236,241.92
15993.0,6,371,226.01
15994.0,1,60,94.92
15996.0,2,61,40.739999999999995
15998.0,5,538,241.44
16000.0,3,5110,12393.7
16003.0,4,622,974.34
16006.0,1,62,43.739999999999995
16007.0,4,465,200.66
16008.0,3,135,112.38
16009.0,3,104,162.56
16010.0,2,38,66.6
16011.0,15,1076,1472.74
16012.0,3,450,556.75
16013.0,47,15406,36971.7
16015.0,3,258,131.6
16016.0,3,64,80.0
16018.0,2,96,108.96000000000001
16019.0,9,999,1913.48
16020.0,2,132,158.92000000000002
16022.0,1,36,33.48
16023.0,1,100,42.0
16024.0,1,194,63.730000000000004
16025.0,1,144,67.68
16026.0,1,50,32.11
16027.0,6,1116,654.12
16029.0,62,40151,72637.29
16030.0,1,195,120.53999999999999
16031.0,2,233,138.18
16033.0,12,435,429.18
16034.0,3,208,308.0
16036.0,2,431,273.63
16037.0,3,326,457.62
16038.0,2,184,230.48
16040.0,3,412,364.64
16041.0,3,1584,3166.4
16042.0,4,348,214.36
16043.0,4,401,352.14
16045.0,4,701,636.5
16048.0,2,144,256.44
16049.0,3,159,78.7
16050.0,1,264,64.8
16052.0,1,114,119.7
16053.0,2,1196,368.15999999999997
16054.0,1,196,182.68
16056.0,1,112,100.88
16057.0,3,216,309.24
16059.0,2,48,51.599999999999994
16062.0,4,492,437.88
16063.0,1,212,162.92
16065.0,1,48,40.8
16066.0,4,568,450.99
16070.0,2,234,448.14
16072.0,1,84,138.72
16073.0,1,48,122.39999999999999
16076.0,10,744,652.8
16078.0,1,16,79.2
16079.0,3,812,1213.8600000000001
16080.0,2,80,142.16
16081.0,3,672,897.0799999999999
16083.0,2,834,1171.32
16084.0,1,118,178.57999999999998
16085.0,4,156,59.16
16086.0,5,388,709.84
16091.0,2,68,80.56
16092.0,3,468,434.68
16093.0,1,20,17.0
16094.0,4,324,206.76000000000002
16096.0,1,140,109.32
16097.0,1,72,90.0
16098.0,7,330,806.6600000000001
16099.0,2,188,237.0
16101.0,1,258,192.20000000000002
16102.0,3,544,608.4
16103.0,4,342,478.14
16105.0,1,316,308.76
16106.0,1,16,13.28
16107.0,7,1110,2823.06
16108.0,1,233,115.38
16109.0,2,612,611.88
16110.0,3,61,57.51
16112.0,4,520,146.96
16113.0,1,120,35.28
16115.0,5,150,106.88
16116.0,1,156,197.16
16117.0,1,42,46.260000000000005
16119.0,2,132,176.28
16120.0,3,811,1188.29
16121.0,2,132,89.03999999999999
16122.0,4,1040,436.92
16123.0,1,48,30.479999999999997
16124.0,1,12,15.0
16125.0,1,73,125.7
16126.0,4,1856,4998.32
16127.0,1,72,86.63999999999999
16128.0,5,518,707.5600000000001
16131.0,5,1632,2553.56
16133.0,33,7555,11052.57
16134.0,2,150,163.76000000000002
16135.0,1,160,359.4
16136.0,3,196,163.72
16139.0,3,121,110.82
16140.0,2,530,369.54
16141.0,1,72,50.16
16142.0,1,327,232.14
16143.0,6,253,403.74
16144.0,1,16,175.2
16145.0,11,2128,1375.6
16146.0,3,372,571.04
16147.0,1,122,64.92
16148.0,1,72,76.32000000000001
16149.0,2,168,78.72
16150.0,4,448,547.76
16152.0,1,610,1520.94
16153.0,5,688,754.0
16156.0,9,637,1207.45
16157.0,2,252,275.64
16159.0,1,228,315.0
16160.0,2,1132,852.34
16161.0,12,503,595.71
16163.0,2,186,823.9000000000001
16164.0,3,194,347.02000000000004
16168.0,19,1514,2430.78
16169.0,4,814,717.3000000000001
16170.0,6,1157,738.26
16172.0,5,388,325.76
16173.0,3,60,41.08
16174.0,3,572,777.8
16175.0,4,352,466.64
16178.0,1,44,63.0
16179.0,1,24,9.36
16180.0,8,5585,9284.08
16181.0,1,72,151.68000000000004
16182.0,4,3748,6515.0
16184.0,5,408,556.56
16185.0,1,108,143.4
16186.0,10,1878,1772.96
16187.0,13,3986,4296.8
16188.0,4,508,352.71999999999997
16189.0,1,48,60.0
16190.0,1,64,57.28
16191.0,11,2793,4178.88
16193.0,1,188,207.76
16198.0,1,16,24.8
16200.0,2,108,124.83999999999999
16201.0,4,376,322.0
16202.0,1,148,128.92
16203.0,3,104,125.2
16204.0,1,44,55.0
16205.0,3,262,306.71999999999997
16206.0,3,103,167.15
16207.0,1,66,102.3
16208.0,2,159,146.34
16209.0,5,1032,1875.72
16210.0,17,7240,19814.96
16211.0,1,16,175.2
16212.0,2,60,70.80000000000001
16214.0,2,312,534.6
16216.0,1,124,152.08
16217.0,2,48,133.20000000000002
16218.0,7,1928,2710.32
16221.0,2,389,185.57999999999998
16222.0,1,36,35.879999999999995
16224.0,4,730,532.36
16225.0,3,36,42.599999999999994
16226.0,3,180,219.72000000000003
16227.0,1,84,296.52
16229.0,1,48,165.60000000000002
16230.0,2,192,231.35999999999999
16232.0,4,412,494.44
16233.0,1,48,129.60000000000002
16235.0,3,136,174.4
16239.0,1,128,184.4
16240.0,2,797,1263.5
16241.0,5,208,184.28
16242.0,6,619,894.27
16244.0,2,594,686.4599999999999
16245.0,3,510,345.42
16247.0,1,156,36.839999999999996
16249.0,5,659,859.28
16250.0,2,144,153.23999999999998
16253.0,2,3084,3168.93
16255.0,8,931,665.2
16256.0,1,564,680.28
16258.0,5,2307,3181.32
16260.0,1,180,383.0
16261.0,1,36,15.120000000000001
16265.0,9,1567,1922.77
16266.0,2,144,151.2
16268.0,2,291,176.26
16270.0,1,546,562.5
16271.0,4,318,309.02
16272.0,1,58,72.5
16274.0,1,72,39.0
16275.0,1,292,282.8
16276.0,1,420,810.6000000000001
16278.0,1,16,26.4
16279.0,3,504,408.2
16281.0,1,912,2006.56
16282.0,1,72,56.4
16283.0,5,523,252.42
16284.0,2,135,76.59
16287.0,1,292,109.80000000000001
16292.0,1,88,99.6
16293.0,6,445,567.98
16295.0,4,434,251.5
16297.0,1,144,119.39999999999999
16298.0,1,24,34.8
16302.0,1,104,103.11999999999999
16303.0,3,1957,3391.09
16305.0,1,48,13.919999999999998
16306.0,4,412,456.8
16308.0,4,8000,2560.0
16309.0,2,291,304.05
16311.0,2,88,48.8
16313.0,1,72,37.08
16315.0,1,24,32.879999999999995
16316.0,6,912,587.96
16317.0,3,711,676.92
16318.0,1,92,83.8
16319.0,1,72,404.40000000000003
16320.0,2,626,621.16
16321.0,4,84,185.39999999999998
16322.0,1,24,4.5600000000000005
16323.0,1,50,207.50000000000003
16324.0,2,64,41.12
16325.0,3,126,377.70000000000005
16326.0,1,20,25.0
16327.0,6,1361,1400.57
16330.0,1,90,112.5
16332.0,5,192,198.84
16333.0,22,32184,26626.8
16337.0,1,32,30.4
16338.0,1,48,75.6
16340.0,1,131,81.85
16341.0,4,1069,1372.66
16342.0,3,104,122.36
16343.0,1,16,13.6
16344.0,1,12,65.4
16345.0,1,124,44.919999999999995
16347.0,1,94,116.02
16348.0,4,294,368.21999999999997
16350.0,3,204,194.11999999999998
16351.0,1,24,20.4
16352.0,1,56,56.72
16353.0,23,1668,5655.22
16354.0,1,16,13.6
16357.0,2,60,64.92
16358.0,4,572,771.44
16359.0,8,1010,982.6
16360.0,5,412,214.79
16361.0,1,75,31.5
16362.0,2,89,98.93
16364.0,2,40,23.68
16365.0,7,419,1153.21
16366.0,1,190,124.2
16367.0,2,224,65.16
16368.0,2,100,141.88
16369.0,3,576,573.5
16370.0,1,75,31.5
16376.0,1,286,249.79
16377.0,1,1500,676.2
16378.0,3,234,267.9
16379.0,4,544,615.3
16380.0,1,1504,1719.6399999999999
16383.0,2,218,144.6
16384.0,1,142,192.1
16385.0,3,108,124.75
16386.0,2,28,20.6
16387.0,1,36,55.56
16389.0,4,1132,1128.84
16392.0,1,90,47.419999999999995
16393.0,8,305,454.69
16394.0,5,2438,1247.86
16395.0,5,914,463.03999999999996
16398.0,2,570,661.8
16399.0,1,84,21.119999999999997
16400.0,1,64,49.44
16401.0,12,2888,2540.24
16402.0,2,48,69.6
16403.0,1,64,86.0
16404.0,1,56,55.6
16405.0,1,184,160.4
16407.0,8,416,536.8
16409.0,4,490,354.14
16411.0,1,24,25.2
16414.0,1,12,15.0
16415.0,1,98,74.5
16416.0,3,438,375.06
16418.0,1,50,21.0
16419.0,6,264,324.32
16422.0,51,33353,33782.75
16423.0,1,84,120.84
16424.0,1,84,101.16
16425.0,1,159,88.5
16426.0,5,274,215.57999999999998
16427.0,2,154,240.22
16430.0,1,90,229.5
16431.0,3,284,298.03999999999996
16432.0,1,224,163.92
16434.0,5,384,463.68
16438.0,2,34,32.82
16440.0,5,540,628.3
16441.0,1,72,100.2
16442.0,1,197,124.62
16444.0,4,154,177.9
16447.0,1,169,104.10000000000001
16448.0,1,12,35.400000000000006
16449.0,2,276,352.84
16450.0,1,160,261.92
16451.0,1,16,6.72
16455.0,6,468,620.88
16456.0,5,882,1645.14
16457.0,1,112,108.64
16458.0,13,652,792.0
16460.0,3,433,140.34
16463.0,4,731,522.3199999999999
16464.0,3,348,128.12
16466.0,6,289,382.04
16468.0,1,30,62.400000000000006
16470.0,3,124,44.519999999999996
16471.0,1,108,126.6
16473.0,3,149,172.06
16474.0,3,85,173.01000000000002
16475.0,3,260,274.0
16477.0,7,568,555.76
16478.0,1,136,60.8
16480.0,1,264,252.72
16482.0,1,274,102.06
16484.0,1,100,113.0
16485.0,1,82,19.38
16488.0,3,628,218.83999999999997
16491.0,1,226,131.26
16493.0,4,1009,970.26
16494.0,1,558,653.9
16495.0,2,140,141.39999999999998
16496.0,3,813,652.06
16497.0,6,938,1126.3
16499.0,2,72,128.4
16500.0,2,48,49.92
16503.0,4,200,257.52
16504.0,1,182,114.55
16505.0,1,576,777.6
16506.0,1,18,35.1
16509.0,1,24,70.80000000000001
16510.0,1,60,93.0
16511.0,1,72,46.800000000000004
16513.0,3,164,261.48
16515.0,4,442,673.94
16517.0,1,68,79.0
16518.0,2,146,139.8
16519.0,1,18,26.099999999999998
16520.0,3,216,253.64000000000001
16523.0,18,3342,5869.64
16525.0,26,6860,9869.800000000001
16526.0,1,60,142.20000000000002
16527.0,1,24,4.5600000000000005
16528.0,1,36,14.040000000000001
16529.0,1,124,217.10000000000002
16531.0,6,520,361.56
16532.0,3,2016,6748.8
16533.0,1,150,113.67999999999999
16535.0,1,157,84.41999999999999
16536.0,1,74,36.6
16539.0,2,276,265.56
16542.0,1,18,53.1
16545.0,1,78,339.3
16546.0,2,542,732.5
16549.0,2,87,85.94999999999999
16550.0,5,577,281.09
16551.0,3,894,691.16
16552.0,2,160,172.48000000000002
16553.0,12,4544,5500.92
16554.0,2,132,146.76
16555.0,2,72,30.240000000000002
16556.0,7,1116,999.28
16557.0,1,84,121.8
16558.0,18,3128,2661.62
16560.0,2,232,190.68
16563.0,1,376,796.24
16565.0,1,40,138.0
16566.0,4,298,425.86
16567.0,2,924,645.6
16569.0,1,75,31.5
16570.0,9,1692,2226.24
16571.0,3,993,731.53
16572.0,3,324,379.96
16573.0,2,171,192.18
16574.0,1,168,121.19999999999999
16581.0,1,122,70.44
16582.0,1,146,284.52
16583.0,1,60,77.4
16584.0,2,556,686.46
16586.0,1,76,415.2
16587.0,1,36,40.2
16589.0,3,124,61.4
16591.0,1,15,106.2
16592.0,14,1733,1551.6
16593.0,1,48,69.6
16595.0,1,89,51.9
16596.0,2,48,55.199999999999996
16597.0,1,140,45.8
16598.0,1,36,52.199999999999996
16600.0,6,917,406.58
16601.0,1,36,14.040000000000001
16602.0,1,88,103.28000000000002
16603.0,1,236,49.92
16607.0,13,2159,1289.87
16609.0,7,1076,1418.56
16610.0,1,60,57.959999999999994
16611.0,1,12,5.04
16612.0,2,144,177.6
16613.0,1,72,74.63999999999999
16614.0,1,168,174.84
16616.0,2,182,121.2
16617.0,1,82,123.5
16618.0,4,1108,1645.56
16619.0,1,108,116.75999999999999
16620.0,1,24,6.959999999999999
16621.0,4,192,203.28
16623.0,1,24,85.2
16624.0,2,372,449.68
16625.0,1,24,15.239999999999998
16626.0,13,2006,1911.5
16627.0,1,72,48.72
16628.0,4,444,617.76
16629.0,2,340,114.28
16633.0,6,466,575.02
16634.0,2,54,98.1
16637.0,4,450,280.86
16638.0,8,985,666.3
16639.0,3,180,321.6
16641.0,1,192,90.72
16642.0,2,302,223.38
16643.0,1,196,175.95999999999998
16644.0,2,682,496.91999999999996
16647.0,2,124,104.56
16648.0,1,133,94.38
16650.0,1,192,140.88
16652.0,5,2698,3989.2200000000003
16653.0,1,313,180.38
16654.0,4,192,188.51999999999998
16655.0,6,1107,1405.14
16656.0,15,8830,8286.3
16657.0,4,700,267.12
16658.0,1,26,74.34
16659.0,1,72,39.12
16660.0,4,544,1159.2
16665.0,1,48,67.19999999999999
16666.0,1,100,42.0
16667.0,1,24,34.8
16668.0,5,252,214.8
16669.0,2,305,93.34
16670.0,9,1482,1138.06
16671.0,3,875,1692.27
16672.0,20,2632,7000.14
16676.0,4,336,354.96
16678.0,10,1654,1553.94
16679.0,1,24,102.0
16681.0,6,1387,1674.1399999999999
16682.0,5,982,828.74
16684.0,28,50159,65819.56
16685.0,1,208,75.12
16686.0,7,851,433.94
16688.0,2,514,429.4
16689.0,2,264,139.2
16690.0,2,96,127.19999999999999
16692.0,1,150,1117.5
16693.0,1,73,30.66
16696.0,3,116,569.4000000000001
16698.0,2,840,1998.0
16700.0,13,2753,2090.5
16701.0,13,6143,4261.92
16705.0,16,4475,8721.18
16708.0,1,72,174.0
16709.0,5,520,1209.04
16710.0,8,745,355.2
16711.0,5,752,1184.8
16712.0,8,509,636.23
16713.0,13,2420,1989.92
16714.0,1,264,189.18
16715.0,1,576,258.96
16716.0,2,120,901.2
16717.0,6,674,574.2
16718.0,1,249,211.06
16719.0,7,814,315.96
16720.0,1,149,84.02
16721.0,1,76,85.39999999999999
16722.0,13,4304,3619.08
16723.0,1,265,121.81
16725.0,4,107,78.42
16726.0,4,390,257.9
16727.0,1,12,15.0
16728.0,3,116,61.32
16729.0,19,3296,2102.39
16730.0,3,784,411.4
16732.0,1,138,106.86
16734.0,2,204,146.04
16735.0,5,1118,1141.3
16737.0,1,288,417.59999999999997
16739.0,1,144,197.6
16743.0,6,1486,1338.18
16744.0,4,194,166.1
16745.0,16,5344,4427.3
16746.0,15,2238,1452.98
16747.0,2,341,280.9
16748.0,4,378,655.9
16750.0,1,14,17.5
16751.0,1,903,1621.1200000000001
16752.0,1,36,47.39999999999999
16753.0,1,114,107.08
16754.0,1,4280,2002.4
16755.0,3,675,441.84
16756.0,1,60,62.279999999999994
16757.0,1,72,83.88000000000001
16758.0,1,142,167.38
16759.0,3,390,267.12
16761.0,1,301,266.22
16762.0,1,120,205.2
16763.0,1,276,239.4
16764.0,2,27,39.03
16766.0,2,480,848.4
16767.0,11,3476,3780.51
16768.0,1,88,110.0
16770.0,3,168,208.92000000000002
16771.0,4,741,404.16999999999996
16773.0,1,120,46.800000000000004
16774.0,3,124,168.0
16775.0,3,48,55.2
16778.0,2,132,112.32000000000001
16779.0,22,4033,7458.17
16780.0,2,64,70.39999999999999
16781.0,1,72,99.6
16782.0,4,92,259.76
16788.0,1,62,31.2
16790.0,3,196,160.52
16791.0,1,24,6.959999999999999
16793.0,1,40,23.6
16794.0,3,221,77.79
16795.0,1,35,22.869999999999997
16800.0,1,140,85.72
16801.0,2,326,532.6800000000001
16803.0,1,91,44.78
16804.0,2,97,94.71000000000001
16805.0,2,330,96.96
16806.0,3,100,146.92
16807.0,3,398,349.36
16808.0,2,148,140.8
16810.0,1,40,96.64
16811.0,1,280,130.8
16812.0,1,12,10.2
16813.0,4,404,103.75999999999999
16814.0,20,1676,3246.96
16816.0,4,196,192.84
16817.0,8,448,473.8
16818.0,9,1379,1518.7
16820.0,1,120,87.12
16824.0,2,124,112.28
16825.0,2,396,273.48
16829.0,1,61,59.099999999999994
16830.0,1,149,62.58
16832.0,1,12,7.800000000000001
16833.0,4,208,382.95
16834.0,1,344,356.96
16836.0,2,88,89.60000000000001
16837.0,8,1000,900.0799999999999
16838.0,2,114,150.42
16839.0,34,8060,13482.36
16841.0,6,1888,1289.24
16842.0,3,440,403.24
16843.0,13,9308,7836.88
16846.0,1,73,70.5
16848.0,1,66,82.5
16850.0,1,204,193.07999999999998
16851.0,3,144,80.63999999999999
16852.0,1,36,11.16
16855.0,1,44,55.0
16858.0,1,64,223.44000000000003
16859.0,2,773,511.84
16861.0,2,120,131.76
16863.0,2,323,348.2
16866.0,1,12,45.0
16869.0,3,186,85.14
16871.0,6,677,884.11
16872.0,3,598,617.32
16873.0,6,2450,2660.12
16875.0,5,552,445.12
16877.0,4,130,147.8
16880.0,7,322,181.14
16881.0,1,600,432.0
16882.0,2,194,182.28
16883.0,1,15,24.75
16884.0,2,145,136.98
16889.0,3,427,296.02
16892.0,1,38,31.979999999999997
16898.0,3,154,83.92
16899.0,4,124,95.08
16900.0,3,534,298.82
16902.0,1,514,1128.44
16903.0,1,48,30.479999999999997
16904.0,11,758,626.5600000000001
16905.0,6,703,1001.95
16906.0,2,120,121.80000000000001
16907.0,3,72,210.96
16909.0,1,372,163.44
16912.0,8,565,669.66
16913.0,1,75,99.15
16914.0,1,60,83.0
16915.0,1,27,48.33
16916.0,2,147,53.309999999999995
16917.0,1,216,261.12
16918.0,3,165,135.26
16919.0,8,428,235.0
16921.0,1,25,4.75
16923.0,17,1225,1569.91
16924.0,2,162,67.38
16927.0,2,960,403.2
16928.0,17,1380,1697.2
16929.0,7,464,304.24
16930.0,2,92,31.88
16931.0,12,448,153.12
16933.0,2,106,148.89
16934.0,1,96,100.8
16936.0,1,36,6.84
16938.0,4,1861,1082.94
16940.0,3,855,555.38
16942.0,4,120,94.08
16943.0,1,36,73.08
16945.0,15,958,696.44
16947.0,1,272,248.48000000000002
16948.0,3,1540,291.72
16949.0,6,561,365.06
16950.0,3,476,673.72
16951.0,2,1097,844.9
16952.0,2,68,58.44
16954.0,7,922,1221.98
16955.0,4,204,262.68
16957.0,2,148,249.84
16960.0,1,15,31.200000000000003
16961.0,1,32,40.0
16965.0,1,235,112.05
16966.0,6,1980,2151.72
16967.0,1,327,306.42
16968.0,2,147,55.68
16969.0,2,692,329.96
16976.0,1,88,251.51999999999998
16979.0,5,476,549.1999999999999
16980.0,2,558,567.88
16982.0,1,18,22.5
16983.0,7,915,748.05
16984.0,2,1317,1513.45
16985.0,8,1254,2280.52
16986.0,2,1030,1852.4
16987.0,1,22,187.0
16989.0,6,1233,1133.25
16990.0,1,100,179.0
16992.0,5,470,370.56
16996.0,5,397,942.11
16997.0,2,320,624.0
16998.0,2,72,279.6
16999.0,2,124,188.36
17001.0,11,1511,2036.32
17002.0,3,412,507.88
17004.0,2,664,1076.2
17006.0,2,40,77.36
17007.0,6,381,343.61
17010.0,1,60,33.480000000000004
17011.0,1,48,43.2
17014.0,1,68,119.0
17015.0,3,1094,675.38
17017.0,19,6303,7818.12
17018.0,1,36,30.599999999999998
17019.0,3,219,202.42000000000002
17022.0,1,72,20.879999999999995
17024.0,3,69,95.85
17025.0,2,232,339.92
17026.0,2,96,142.07999999999998
17027.0,1,34,39.699999999999996
17029.0,2,400,716.0
17030.0,1,117,70.82
17031.0,1,30,62.400000000000006
17033.0,3,642,725.9399999999999
17034.0,3,265,361.85999999999996
17035.0,2,92,90.99999999999999
17037.0,1,112,80.08
17040.0,1,90,209.39999999999998
17041.0,3,613,385.66
17042.0,5,608,336.15999999999997
17043.0,4,468,506.96
17044.0,1,504,948.48
17045.0,2,36,52.199999999999996
17046.0,1,468,538.32
17047.0,3,276,341.64
17048.0,3,390,568.2
17049.0,9,993,1124.54
17050.0,6,499,622.47
17051.0,1,75,62.25
17052.0,1,32,26.56
17054.0,5,608,456.68
17058.0,3,329,300.62
17059.0,5,749,550.15
17060.0,1,204,198.84000000000003
17061.0,10,1296,3866.28
17062.0,4,219,119.67
17063.0,3,220,179.04
17064.0,2,76,60.599999999999994
17068.0,6,154,199.14000000000001
17069.0,7,750,900.88
17071.0,6,498,538.24
17073.0,2,188,105.92
17075.0,2,68,135.0
17076.0,3,220,384.12
17078.0,2,702,344.7
17080.0,2,144,156.72
17082.0,2,664,835.24
17083.0,3,550,960.82
17084.0,2,925,707.65
17085.0,4,166,176.0
17086.0,6,1318,959.1999999999999
17088.0,4,320,348.88
17090.0,7,740,1473.46
17091.0,5,492,593.76
17092.0,4,549,490.39
17094.0,1,96,199.8
17095.0,3,344,267.0
17096.0,1,104,89.03999999999999
17100.0,1,360,169.04
17101.0,4,620,972.88
17105.0,2,357,148.52
17107.0,5,3149,4608.37
17109.0,4,261,284.85
17111.0,1,208,90.72
17114.0,1,48,20.16
17115.0,3,192,181.4
17117.0,1,60,60.599999999999994
17118.0,1,108,75.72
17119.0,1,96,68.64
17120.0,1,48,59.76
17122.0,1,24,30.0
17123.0,1,246,345.3
17124.0,1,42,52.38
17125.0,1,196,15.52
17126.0,2,250,145.29999999999998
17128.0,1,48,50.4
17131.0,4,259,284.0
17133.0,7,2712,4859.84
17134.0,1,12,15.0
17135.0,5,1100,680.68
17138.0,1,60,72.6
17139.0,11,2422,2988.08
17140.0,1,232,313.2
17142.0,1,36,66.6
17144.0,1,236,86.04
17146.0,2,120,151.68
17147.0,4,562,571.18
17152.0,3,490,1548.5
17154.0,1,360,140.64
17155.0,2,216,194.88
17157.0,2,132,191.39999999999998
17158.0,3,611,698.54
17159.0,3,513,374.26
17160.0,6,1383,1078.46
17162.0,7,663,596.58
17163.0,1,40,170.0
17164.0,6,792,844.92
17165.0,1,84,87.47999999999999
17166.0,1,15,56.25
17169.0,2,216,168.6
17171.0,1,172,151.16
17172.0,1,468,282.36
17173.0,4,356,942.7
17174.0,1,16,10.4
17175.0,4,676,737.8
17176.0,1,117,147.18
17179.0,1,28,76.2
17180.0,4,360,303.0
17181.0,1,216,155.52
17183.0,6,1020,2509.96
17186.0,2,200,144.0
17187.0,1,121,111.3
17188.0,6,999,1563.06
17189.0,1,24,10.08
17190.0,1,108,128.85000000000002
17191.0,6,382,322.08
17193.0,4,1164,1448.04
17194.0,1,80,112.0
17198.0,3,184,139.0
17201.0,1,207,197.39999999999998
17203.0,5,2597,3099.14
17204.0,4,478,843.86
17205.0,1,876,374.08
17211.0,7,491,367.91
17212.0,1,142,222.89999999999998
17213.0,7,441,402.02
17214.0,1,12,10.2
17218.0,5,257,136.62
17220.0,9,534,358.04
17221.0,2,146,107.4
17226.0,1,372,298.44
17227.0,6,574,656.91
17228.0,8,615,379.23
17230.0,7,1504,3048.26
17231.0,7,411,240.26
17233.0,1,32,26.56
17234.0,1,12,5.04
17235.0,2,142,254.06
17236.0,4,192,197.28
17237.0,1,24,90.0
17238.0,10,323,235.49
17239.0,1,108,192.0
17242.0,2,453,720.4200000000001
17243.0,23,1888,3063.23
17244.0,1,469,695.57
17245.0,1,48,64.8
17247.0,1,20,25.0
17248.0,1,48,40.8
17250.0,2,37,20.7
17251.0,1,12,3.4799999999999995
17252.0,1,24,25.2
17254.0,1,36,23.400000000000002
17255.0,1,66,37.620000000000005
17256.0,2,109,158.7
17259.0,2,200,109.8
17262.0,4,360,1232.96
17265.0,2,137,93.13
17266.0,1,20,7.800000000000001
17267.0,1,78,77.58
17268.0,4,844,763.64
17272.0,4,1421,1314.32
17274.0,1,32,26.56
17277.0,2,162,209.82
17278.0,1,157,113.33999999999999
17279.0,1,30,76.5
17282.0,3,1701,1318.41
17284.0,5,451,297.91
17286.0,1,20,17.0
17287.0,3,142,155.74
17288.0,7,970,870.02
17289.0,3,124,201.88
17290.0,2,164,75.88
17291.0,1,72,550.8000000000001
17293.0,7,682,768.3
17295.0,1,85,70.38
17298.0,2,276,332.96000000000004
17299.0,3,499,358.68
17302.0,5,274,423.38
17303.0,1,49,34.38
17306.0,19,11475,8581.39
17311.0,2,764,590.72
17312.0,3,348,575.4
17313.0,1,1402,2328.84
17314.0,7,1242,1031.06
17315.0,32,2542,2895.08
17317.0,3,1146,2600.34
17320.0,3,440,510.2
17321.0,1,129,92.14
17323.0,3,84,67.56
17324.0,4,750,776.02
17325.0,1,24,39.599999999999994
17329.0,1,36,137.16
17330.0,2,92,189.0
17331.0,1,16,175.2
17333.0,1,126,97.38
17334.0,2,315,307.02
17337.0,4,380,326.6
17338.0,6,681,603.92
17339.0,1,120,126.96000000000001
17340.0,9,4458,6878.78
17341.0,2,204,151.2
17343.0,1,12,19.799999999999997
17345.0,3,132,113.64
17346.0,10,510,427.83000000000004
17347.0,1,216,228.96
17348.0,5,854,331.98
17349.0,1,75,53.0
17350.0,3,374,346.4
17351.0,2,44,148.2
17353.0,2,1200,1740.0
17354.0,1,991,1357.37
17356.0,1,83,71.66999999999999
17357.0,1,56,167.32
17358.0,2,96,73.8
17359.0,1,124,57.160000000000004
17360.0,2,111,41.58
17361.0,3,66,115.02000000000001
17362.0,2,64,75.12
17364.0,10,1343,1347.49
17365.0,7,2983,1669.57
17367.0,1,92,64.03999999999999
17368.0,5,1175,1454.6299999999999
17370.0,4,396,201.96
17371.0,1,30,37.5
17372.0,4,96,87.60000000000001
17373.0,3,96,59.52
17374.0,1,12,15.0
17375.0,3,200,76.08
17376.0,1,12,23.4
17377.0,12,541,766.77
17379.0,1,413,91.51
17381.0,29,25625,20225.21
17382.0,1,24,50.400000000000006
17383.0,1,25,10.5
17384.0,1,36,214.20000000000002
17385.0,1,44,27.88
17386.0,5,1854,2584.82
17387.0,2,185,113.53999999999999
17388.0,4,1026,1098.18
17389.0,30,6950,27566.36
17391.0,2,480,508.8
17392.0,2,213,116.34
17394.0,1,234,185.21999999999997
17396.0,7,1994,7275.3
17398.0,3,216,174.96
17400.0,4,441,426.44
17402.0,10,516,1548.6
17404.0,13,32644,31356.88
17405.0,3,432,227.54
17406.0,2,463,829.53
17409.0,2,60,412.80000000000007
17410.0,4,224,158.36
17411.0,2,108,101.16
17412.0,6,356,293.2
17414.0,2,2100,778.0
17415.0,1,24,34.8
17416.0,7,2918,3470.84
17418.0,2,144,72.96
17419.0,10,1118,1562.62
17420.0,2,48,72.0
17422.0,6,1948,1299.56
17423.0,2,328,437.92
17425.0,2,112,137.20000000000002
17426.0,6,1940,1621.76
17427.0,1,24,30.0
17428.0,27,8628,14203.73
17429.0,3,516,249.96
17430.0,2,108,99.96000000000001
17431.0,1,160,153.28
17432.0,1,72,70.32
17434.0,7,846,452.96
17436.0,1,42,107.1
17438.0,1,60,138.60000000000002
17440.0,3,246,186.42000000000002
17442.0,6,870,667.72
17443.0,1,504,534.24
17444.0,2,1828,1422.04
17446.0,2,192,105.60000000000001
17447.0,2,184,182.0
17449.0,6,307,244.82
17450.0,45,69924,194273.25
17451.0,6,487,182.56
17453.0,2,162,316.61999999999995
17454.0,1,12,15.0
17456.0,1,174,160.14
17457.0,5,819,1697.45
17459.0,2,197,130.11
17460.0,4,121,199.38
17461.0,2,363,155.65
17462.0,1,88,305.76
17463.0,5,447,313.94
17464.0,1,207,257.61
17466.0,1,68,73.0
17468.0,2,116,137.0
17469.0,5,188,273.36
17470.0,5,1448,705.68
17472.0,3,102,67.25999999999999
17475.0,1,93,57.599999999999994
17480.0,1,72,79.67999999999999
17481.0,4,538,233.54
17483.0,2,73,69.3
17486.0,1,120,170.51999999999998
17489.0,2,304,220.88
17490.0,6,711,866.71
17491.0,10,1668,2213.38
17492.0,1,136,221.12
17495.0,2,48,50.4
17496.0,1,36,69.60000000000001
17498.0,1,336,96.48
17499.0,1,661,443.97999999999996
17501.0,1,120,124.2
17502.0,4,204,256.8
17503.0,2,261,181.17000000000002
17504.0,8,1411,1740.08
17505.0,2,444,666.84
17506.0,1,75,31.5
17507.0,1,111,77.85000000000001
17508.0,1,207,233.60999999999999
17509.0,8,866,964.9
17510.0,1,42,32.58
17511.0,31,63637,86659.82
17512.0,10,2288,1897.44
17513.0,1,244,442.4
17516.0,2,120,39.12
17517.0,1,76,71.44
17519.0,6,988,1023.96
17520.0,1,208,122.47999999999999
17521.0,3,204,228.28
17522.0,5,832,719.88
17523.0,3,750,358.85999999999996
17524.0,1,85,136.75
17525.0,1,60,273.0
17526.0,3,266,982.8
17527.0,2,197,124.26
17528.0,7,810,518.94
17530.0,7,334,320.0
17531.0,1,110,144.0
17534.0,1,25,10.5
17535.0,1,100,91.39999999999999
17537.0,2,568,552.0799999999999
17538.0,1,48,5.76
17540.0,1,24,118.80000000000001
17542.0,1,90,59.8
17545.0,2,60,18.240000000000002
17548.0,1,24,30.0
17549.0,2,192,91.67999999999999
17551.0,1,36,47.4
17552.0,3,452,269.56
17553.0,1,1048,1487.6
17554.0,5,1448,981.1
17555.0,2,108,38.16
17556.0,1,85,85.5
17557.0,2,72,48.72
17560.0,5,616,665.38
17561.0,1,36,15.12
17562.0,3,391,236.29999999999998
17566.0,1,44,56.599999999999994
17567.0,8,2015,2601.75
17569.0,1,68,74.28
17571.0,4,367,273.71
17572.0,2,36,52.199999999999996
17573.0,2,144,60.48
17574.0,1,48,82.80000000000001
17576.0,12,700,566.7
17578.0,1,128,126.96
17579.0,2,72,99.6
17581.0,19,3530,5501.75
17582.0,1,60,63.48
17584.0,2,253,503.25
17585.0,3,1124,482.58
17588.0,2,588,660.6
17589.0,4,735,620.69
17590.0,3,196,117.08
17591.0,7,732,1091.28
17593.0,5,2375,1821.26
17594.0,1,160,264.0
17595.0,2,32,13.44
17596.0,7,3910,1883.55
17597.0,1,1091,1724.72
17600.0,1,93,29.98
17601.0,1,72,54.959999999999994
17602.0,6,1938,1569.35
17604.0,1,60,42.839999999999996
17608.0,1,49,20.58
17609.0,3,153,62.0
17611.0,11,890,439.91999999999996
17612.0,6,1103,620.46
17613.0,12,1258,1462.94
17615.0,2,72,154.8
17616.0,3,224,571.1999999999999
17618.0,1,12,10.2
17620.0,1,48,40.8
17621.0,3,428,1132.6
17623.0,1,24,13.200000000000001
17624.0,2,303,205.38
17625.0,4,315,214.62
17628.0,1,72,39.6
17629.0,7,1179,883.29
17630.0,2,120,168.0
17631.0,3,168,65.28
17633.0,2,96,104.16
17634.0,3,104,238.39999999999998
17636.0,1,48,13.919999999999998
17637.0,1,48,34.56
17639.0,1,42,52.5
17640.0,1,250,621.66
17642.0,2,299,292.82
17643.0,1,60,46.2
17644.0,9,998,1023.8
17646.0,3,176,321.6
17648.0,3,138,191.1
17649.0,1,60,46.2
17650.0,1,141,121.53
17651.0,9,1482,824.3
17652.0,11,1320,1301.72
17653.0,4,1220,537.6
17655.0,7,814,1421.54
17656.0,3,1010,571.1
17658.0,2,592,467.12
17659.0,8,706,679.62
17660.0,1,25,5.25
17663.0,6,368,492.76
17664.0,2,422,222.4
17666.0,2,528,592.0799999999999
17667.0,3,552,533.4399999999999
17668.0,1,48,60.0
17669.0,7,1630,2860.88
17670.0,1,72,90.6
17671.0,4,597,787.66
17672.0,2,1261,1774.06
17673.0,5,710,559.62
17674.0,2,556,457.8
17675.0,30,4848,9481.58
17676.0,4,368,413.72
17677.0,25,8810,13641.68
17678.0,1,174,185.16
17679.0,2,608,1309.76
17682.0,6,676,1040.2
17684.0,1,24,4.5600000000000005
17685.0,7,1339,1960.64
17686.0,5,816,912.08
17690.0,11,798,1093.53
17691.0,2,72,87.6
17692.0,4,519,471.94
17693.0,1,146,49.32
17694.0,1,96,45.120000000000005
17695.0,2,729,705.24
17696.0,7,1413,1325.38
17697.0,1,24,45.0
17698.0,1,84,125.39999999999999
17700.0,4,544,668.9599999999999
17701.0,1,12,17.4
17702.0,4,968,1048.56
17703.0,2,120,71.2
17704.0,2,234,451.74
17705.0,7,337,255.22
17706.0,13,2344,3772.87
17707.0,2,132,117.0
17708.0,1,24,40.08
17711.0,2,168,156.6
17712.0,1,42,44.22
17714.0,1,72,90.0
17715.0,1,384,326.4
17716.0,9,1932,3073.88
17718.0,1,72,80.4
17719.0,12,1366,1305.3
17720.0,4,364,607.08
17722.0,4,1317,1299.22
17723.0,6,774,3207.3
17724.0,1,18,89.10000000000001
17725.0,10,1302,1594.24
17727.0,1,261,134.66
17728.0,2,256,117.12
17730.0,13,2665,3328.71
17731.0,4,172,223.48
17732.0,1,12,10.2
17733.0,2,252,168.72
17734.0,2,168,115.19999999999999
17735.0,18,4851,5406.13
17736.0,2,72,54.96
17737.0,1,36,30.599999999999998
17738.0,4,716,615.04
17739.0,7,634,1637.16
17742.0,2,40,97.84
17744.0,6,3000,1906.96
17749.0,2,236,282.52
17750.0,9,3559,1429.39
17752.0,1,192,80.64
17754.0,5,1548,1462.56
17757.0,20,1185,1160.33
17758.0,6,707,486.05
17759.0,2,449,294.59
17760.0,2,157,101.34
17761.0,1,344,527.9200000000001
17763.0,1,12,15.0
17764.0,2,135,162.45
17765.0,2,32,28.199999999999996
17768.0,3,816,903.82
17769.0,9,692,713.8
17770.0,3,210,191.97
17771.0,2,200,78.25
17774.0,1,96,46.44
17775.0,1,72,56.4
17777.0,1,24,10.08
17779.0,2,159,120.27
17783.0,1,125,52.5
17786.0,2,64,24.84
17787.0,3,446,582.38
17788.0,1,208,1101.2
17789.0,1,24,70.80000000000001
17790.0,4,121,182.47
17793.0,1,144,58.32
17795.0,2,188,104.8
17797.0,2,162,70.77
17799.0,7,416,292.08
17800.0,9,347,387.90000000000003
17802.0,3,293,202.18
17805.0,1,450,449.34
17806.0,1,561,387.67
17809.0,12,1984,5178.06
17811.0,34,2083,2504.69
17812.0,1,96,110.39999999999999
17813.0,1,111,54.900000000000006
17819.0,7,966,3483.98
17824.0,1,388,258.2
17827.0,3,581,535.22
17828.0,4,429,470.96999999999997
17829.0,1,464,733.24
17830.0,1,12,19.799999999999997
17832.0,1,50,12.719999999999999
17835.0,2,168,86.16
17836.0,1,36,45.0
17838.0,5,1485,1403.45
17839.0,1,88,42.29
17841.0,97,6750,5936.57
17843.0,1,48,23.28
17844.0,1,16,13.28
17848.0,4,271,282.27
17849.0,2,66,82.5
17850.0,5,180,456.48
17854.0,1,12,15.0
17855.0,1,156,105.72
17856.0,4,838,1384.38
17857.0,22,19244,26404.04
17858.0,7,2124,2181.0
17859.0,1,84,33.480000000000004
17860.0,1,12,3.4799999999999995
17861.0,7,1299,794.86
17862.0,1,72,210.0
17863.0,6,2246,2225.62
17864.0,2,436,123.47999999999999
17865.0,17,4736,7441.16
17866.0,1,145,205.5
17867.0,3,367,903.1300000000001
17869.0,1,36,79.08
17870.0,7,596,614.11
17871.0,1,156,73.0
17873.0,5,977,1510.79
17874.0,2,97,115.45
17877.0,1,72,96.96000000000001
17878.0,1,299,189.67
17879.0,1,36,146.76
17880.0,1,256,279.91999999999996
17881.0,1,12,55.800000000000004
17883.0,2,45,24.61
17884.0,4,581,285.21999999999997
17885.0,1,72,8.64
17886.0,3,299,410.21999999999997
17888.0,7,811,292.94
17889.0,1,18,22.5
17890.0,2,168,113.03999999999999
17891.0,1,388,193.35999999999999
17892.0,2,48,99.6
17893.0,1,147,61.74
17894.0,2,39,159.33
17895.0,1,36,6.84
17896.0,1,288,256.32
17897.0,2,24,8.52
17898.0,2,134,50.04
17899.0,1,132,64.92
17900.0,2,72,97.19999999999999
17905.0,4,347,608.89
17908.0,1,88,35.04
17911.0,1,68,83.96
17912.0,2,109,40.86
17913.0,2,153,105.46
17914.0,1,276,118.96
17919.0,1,732,1214.04
17920.0,7,815,641.9
17921.0,3,62,81.1
17923.0,1,50,207.50000000000003
17924.0,7,1070,2483.4
17925.0,1,72,244.08
17926.0,2,213,94.54
17928.0,2,84,33.120000000000005
17929.0,4,108,843.0
17930.0,5,1530,1604.88
17931.0,2,116,90.96000000000001
17932.0,2,412,400.56
17934.0,2,424,492.4
17936.0,1,75,100.5
17937.0,7,1712,3975.12
17939.0,1,12,25.200000000000003
17940.0,9,9754,2238.58
17941.0,1,252,304.56
17942.0,1,36,75.60000000000001
17946.0,1,12,3.4799999999999995
17947.0,1,120,146.56
17948.0,1,144,358.56000000000006
17949.0,45,30546,58510.48
17950.0,3,223,93.62
17951.0,3,570,854.1600000000001
17954.0,8,963,334.96
17955.0,2,204,183.0
17957.0,1,202,52.18
17958.0,1,34,372.29999999999995
17961.0,1,12,5.04
17962.0,1,60,19.799999999999997
17964.0,1,134,51.24
17965.0,8,676,385.3
17966.0,5,2474,951.96
17967.0,1,24,10.08
17969.0,1,120,100.2
17970.0,1,428,291.84
17973.0,1,72,35.76
17974.0,3,120,59.76
17975.0,12,782,2140.3
17977.0,1,296,121.67999999999999
17978.0,1,480,261.12
17979.0,2,124,169.28
17980.0,3,629,669.95
17984.0,1,12,2.52
17985.0,1,30,9.0
17987.0,1,250,178.62
17990.0,3,346,365.04
17991.0,1,20,59.0
17994.0,3,278,228.56
17995.0,1,125,52.5
17997.0,8,1771,1259.64
17999.0,2,84,41.4
18001.0,2,248,134.64000000000001
18005.0,1,16,20.0
18006.0,1,128,169.6
18008.0,7,1528,1897.76
18009.0,1,49,20.58
18010.0,1,20,25.0
18011.0,1,14,2.66
18013.0,2,168,70.08
18014.0,1,16,27.04
18015.0,1,38,10.5
18016.0,4,616,304.9
18017.0,3,300,523.0
18018.0,1,24,2.88
18022.0,1,309,89.28999999999999
18024.0,2,144,295.2
18027.0,1,48,20.16
18030.0,1,30,88.5
18032.0,1,24,34.8
18033.0,1,208,22.0
18034.0,2,224,96.6
18035.0,2,498,513.86
18036.0,1,26,16.900000000000002
18040.0,1,48,93.6
18041.0,20,2760,2106.09
18042.0,1,13,21.45
18043.0,2,64,37.04
18044.0,9,543,323.58
18045.0,1,50,21.0
18048.0,1,114,154.02
18050.0,1,12,23.4
18053.0,1,192,91.62
18055.0,10,989,1525.23
18056.0,1,168,218.4
18058.0,1,88,170.16
18059.0,2,158,120.26
18061.0,7,756,986.36
18062.0,3,328,316.92
18064.0,2,360,766.0
18065.0,9,436,433.08
18066.0,1,48,100.80000000000001
18067.0,1,24,20.4
18069.0,4,254,134.54
18071.0,2,180,233.4
18072.0,1,288,247.44
18073.0,11,2896,3093.92
18074.0,1,152,246.4
18075.0,10,929,1004.62
18077.0,11,728,762.12
18078.0,2,95,170.85
18079.0,4,7212,3498.02
18080.0,2,642,1231.5
18081.0,1,134,95.4
18082.0,1,355,182.74
18084.0,1,312,90.47999999999999
18085.0,2,160,347.40000000000003
18086.0,1,84,50.04
18087.0,1,3906,3202.9199999999996
18092.0,11,4116,8418.06
18093.0,4,1392,2106.52
18094.0,7,2246,2385.14
18095.0,2,372,394.8
18096.0,3,329,113.58999999999999
18097.0,6,1202,1343.88
18099.0,1,24,10.08
18102.0,58,63824,257862.09
18104.0,1,96,54.72
18106.0,1,44,96.6
18108.0,1,24,25.2
18109.0,15,2950,2168.9
18112.0,2,156,51.72
18113.0,1,72,76.32000000000001
18114.0,1,12,15.0
18116.0,5,254,93.24
18117.0,1,377,99.33
18118.0,13,529,391.05
18119.0,1,94,86.34
18121.0,2,384,513.48
18122.0,2,219,75.81
18123.0,2,452,363.24
18125.0,4,361,258.41999999999996
18126.0,1,24,30.0
18127.0,1,36,6.84
18129.0,1,12,17.4
18130.0,3,271,131.16
18133.0,1,1350,931.4999999999999
18135.0,5,310,572.86
18136.0,3,212,268.48
18138.0,1,24,50.400000000000006
18139.0,6,5293,7594.74
18142.0,2,1260,940.32
18143.0,2,120,56.64
18144.0,12,1236,2280.8
18145.0,4,1483,864.1
18146.0,2,132,89.4
18147.0,2,195,149.33999999999997
18149.0,3,266,468.28
18150.0,1,108,117.47999999999999
18151.0,2,156,124.2
18154.0,1,96,81.6
18155.0,3,216,175.92
18156.0,1,25,10.5
18159.0,1,16,175.2
18160.0,1,92,95.8
18161.0,5,435,421.5
18164.0,1,75,31.5
18165.0,1,248,287.16
18168.0,4,210,143.24
18170.0,2,236,386.84
18171.0,5,326,360.32
18172.0,17,2448,5040.44
18173.0,4,1182,1952.74
18174.0,1,50,104.0
18176.0,1,212,233.4
18177.0,4,246,459.32
18178.0,4,492,397.35999999999996
18179.0,6,935,724.24
18180.0,6,1084,613.4
18183.0,2,260,248.92000000000002
18184.0,1,60,49.8
18185.0,1,144,112.8
18188.0,3,776,1053.68
18189.0,1,264,295.2
18190.0,1,72,54.96
18191.0,1,128,108.8
18192.0,1,40,102.0
18193.0,1,72,61.67999999999999
18194.0,1,632,973.8399999999999
18196.0,2,99,101.67
18198.0,17,3564,4129.28
18202.0,3,376,486.08
18204.0,3,604,608.5
18205.0,1,24,39.599999999999994
18210.0,4,624,594.5600000000001
18211.0,3,108,123.0
18212.0,1,12,17.88
18213.0,1,224,202.88
18215.0,1,24,50.400000000000006
18216.0,1,68,85.0
18217.0,2,354,289.74
18218.0,2,520,499.28
18219.0,10,427,408.06
18220.0,1,288,305.28000000000003
18221.0,5,510,433.98
18222.0,1,245,182.5
18223.0,12,1586,2681.2200000000003
18224.0,1,36,40.2
18225.0,10,2001,2573.02
18226.0,11,2360,2824.9
18227.0,1,12,15.0
18228.0,2,40,42.4
18229.0,19,1804,4290.92
18230.0,7,1076,2227.02
18231.0,5,354,557.46
18232.0,3,195,175.98
18235.0,3,1080,728.36
18236.0,5,159,143.7
18237.0,3,160,150.07999999999998
18239.0,5,562,730.66
18240.0,1,108,315.48
18241.0,9,462,351.78
18242.0,4,658,1268.14
18245.0,7,1238,935.4
18246.0,2,156,566.6
18248.0,2,379,223.82
18249.0,1,90,27.9
18250.0,1,160,156.12
18251.0,1,7824,4314.72
18252.0,2,37,20.7
18255.0,1,56,60.4
18257.0,7,404,606.86
18259.0,3,510,1710.9
18260.0,6,1120,1181.18
18262.0,1,112,45.44
18263.0,3,1448,1180.16
18265.0,2,158,122.39999999999999
18269.0,1,48,59.99999999999999
18270.0,1,24,34.8
18272.0,6,1304,1269.16
18273.0,3,80,204.0
18274.0,1,18,14.22
18276.0,1,104,108.4
18277.0,1,24,6.959999999999999
18281.0,1,36,15.120000000000001
18282.0,1,48,13.919999999999998
18283.0,3,61,46.73
18287.0,3,1450,1549.7
